family_id,family_name,construct_number,construct_name,feature_id,status,selectable_in_gui,executor_group,required_boundary_source,required_additional_manifest,task_recommendation,evidence,unit,range,analysis_unit,algorithm,parameter_set_id,reason_if_not_implemented_or_unresolved,id_provenance,identity_basis,not_implemented_reason_class
F11,Intensity and amplitude,60,Absolute energy,absolute_energy_fs2,IMPLEMENTED,True,spectrum,REVIEWED_SEGMENTATION,NONE,"recommended: Sustained /a/, WSTG",NOT ESTABLISHED,digital-amplitude² sum,—,Defined waveform segment,family11-digital-amplitude-1.0.0,family11_amplitude_native_v1,,SOURCE_DEFINED_ID,DOCX FEATURE ID(S) exact ID,
F11,Intensity and amplitude,64,Waveform amplitude descriptive statistics (mean/SD/max/min),amp_max_fs,IMPLEMENTED,True,spectrum,REVIEWED_SEGMENTATION,NONE,recommended: Sustained /a/,LIMITED,digital full scale,—,Waveform samples,family11-digital-amplitude-1.0.0,family11_amplitude_native_v1,,SOURCE_DEFINED_ID,DOCX FEATURE ID(S) exact ID,
F11,Intensity and amplitude,64,Waveform amplitude descriptive statistics (mean/SD/max/min),amp_mean_fs,IMPLEMENTED,True,spectrum,REVIEWED_SEGMENTATION,NONE,recommended: Sustained /a/,LIMITED,digital full scale,—,Waveform samples,family11-digital-amplitude-1.0.0,family11_amplitude_native_v1,,SOURCE_DEFINED_ID,DOCX FEATURE ID(S) exact ID,
F11,Intensity and amplitude,64,Waveform amplitude descriptive statistics (mean/SD/max/min),amp_min_fs,IMPLEMENTED,True,spectrum,REVIEWED_SEGMENTATION,NONE,recommended: Sustained /a/,LIMITED,digital full scale,—,Waveform samples,family11-digital-amplitude-1.0.0,family11_amplitude_native_v1,,SOURCE_DEFINED_ID,DOCX FEATURE ID(S) exact ID,
F11,Intensity and amplitude,64,Waveform amplitude descriptive statistics (mean/SD/max/min),amp_sd_fs,IMPLEMENTED,True,spectrum,REVIEWED_SEGMENTATION,NONE,recommended: Sustained /a/,LIMITED,digital full scale,—,Waveform samples,family11-digital-amplitude-1.0.0,family11_amplitude_native_v1,,SOURCE_DEFINED_ID,DOCX FEATURE ID(S) exact ID,
F08,Speech and articulation rate,49,Articulation rate,articulation_rate_syll_s,IMPLEMENTED,True,timing,REVIEWED_SEGMENTATION,PROMPT_COUNT,recommended: Bamboo Passage,STRONG,syllables/s,0–10 syllables/s,Whole utterance/prompt,family08-rate-1.0.0,family08_bamboo_reviewed_v1,,SOURCE_DEFINED_ID,DOCX FEATURE ID(S) exact ID,
F06,Segmental articulatory / phonetic contrasts,36,Bandpassed noise energy (place-of-articulation contrast),band_noise_contrast_variant1,NOT_IMPLEMENTED,False,segmental,NONE,NONE,,LIMITED,arbitrary digital contrast,N/A,Matched noise targets,family06-aligned-subevents-1.0.0,family06_native_subevents_v1,"Target pairing, spectral normalization and source contrast convention are incomplete.",SOURCE_DEFINED_ID,DOCX FEATURE ID(S) exact ID,SOURCE_DEFINITION_INCOMPLETE
F06,Segmental articulatory / phonetic contrasts,36,Bandpassed noise energy (place-of-articulation contrast),band_noise_contrast_variant2,NOT_IMPLEMENTED,False,segmental,NONE,NONE,,LIMITED,arbitrary digital contrast,N/A,Matched noise targets,family06-aligned-subevents-1.0.0,family06_native_subevents_v1,"Target pairing, spectral normalization and source contrast convention are incomplete.",SOURCE_DEFINED_ID,DOCX FEATURE ID(S) exact ID,SOURCE_DEFINITION_INCOMPLETE
F06,Segmental articulatory / phonetic contrasts,35,Articulatory precision (phoneme goodness / likelihood-ratio),blocked_aural_analytics_ap,NOT_IMPLEMENTED,False,segmental,NONE,NONE,conditional: WSTG,STRONG,dimensionless score,0–10,Aligned phones / session,family06-aligned-subevents-1.0.0,family06_native_subevents_v1,"Proprietary normative database, likelihood model and scaling are unavailable.",SOURCE_DEFINED_ID,DOCX FEATURE ID(S) exact ID,PROPRIETARY_UNREPRODUCIBLE
F02,"Voice quality, perturbation and noise",10,Cepstral peak prominence (CPP),cpp_db,NOT_IMPLEMENTED,False,voice,REVIEWED_SEGMENTATION,NONE,recommended: Sustained /a/,LIMITED,dB,—,Voiced frames,family02-praat-1.0.0,family02_stable_vowel_praat_v1,Complete unsmoothed CPP Praat peak/trend parameter profile is not specified.,SOURCE_DEFINED_ID,DOCX FEATURE ID(S) exact ID,SOURCE_DEFINITION_INCOMPLETE
F02,"Voice quality, perturbation and noise",10,Cepstral peak prominence (CPP),cpps_db,NOT_IMPLEMENTED,False,voice,REVIEWED_SEGMENTATION,NONE,recommended: Sustained /a/,LIMITED,dB,—,Voiced frames,family02-praat-1.0.0,family02_stable_vowel_praat_v1,Complete Praat CPPS peak/trend parameter profile is not specified.,SOURCE_DEFINED_ID,DOCX FEATURE ID(S) exact ID,SOURCE_DEFINITION_INCOMPLETE
F09,Pause and phrasing,51,CV pause duration,cv_pause_duration,IMPLEMENTED,True,timing,REVIEWED_SEGMENTATION,NONE,recommended: Bamboo Passage,NOT ESTABLISHED,dimensionless,≥0,Pause events,family09-pause-1.0.0,family09_bamboo_reviewed_v1,,SOURCE_DEFINED_ID,DOCX FEATURE ID(S) exact ID,
F09,Pause and phrasing,51,CV pause duration,cv_pause_duration_pct,IMPLEMENTED,True,timing,REVIEWED_SEGMENTATION,NONE,recommended: Bamboo Passage,NOT ESTABLISHED,%,≥0%,Pause events,family09-pause-1.0.0,family09_bamboo_reviewed_v1,,SOURCE_DEFINED_ID,DOCX FEATURE ID(S) exact ID,
F09,Pause and phrasing,52,CV phrase duration,cv_phrase_duration,IMPLEMENTED,True,timing,REVIEWED_SEGMENTATION,NONE,recommended: Bamboo Passage,NOT ESTABLISHED,dimensionless,≥0,Phrase events,family09-pause-1.0.0,family09_bamboo_reviewed_v1,,SOURCE_DEFINED_ID,DOCX FEATURE ID(S) exact ID,
F09,Pause and phrasing,52,CV phrase duration,cv_phrase_duration_pct,IMPLEMENTED,True,timing,REVIEWED_SEGMENTATION,NONE,recommended: Bamboo Passage,NOT ESTABLISHED,%,≥0%,Phrase events,family09-pause-1.0.0,family09_bamboo_reviewed_v1,,SOURCE_DEFINED_ID,DOCX FEATURE ID(S) exact ID,
F10,"DDK performance: rate, count and regularity",59,DDK regularity (cycle-to-cycle temporal variability),ddk_cycle_mad_s,IMPLEMENTED,True,ddk,DDK_EVENTS,NONE,recommended: DDK,LIMITED,s,No universal bound,Adjacent cycle intervals,family10-reviewed-ddk-1.0.0,family10_ddk_reviewed_v1,,SOURCE_DEFINED_ID,DOCX FEATURE ID(S) exact ID,
F10,"DDK performance: rate, count and regularity",58,DDK rate (syllable repetition rate),ddk_rate_syll_s,IMPLEMENTED,True,ddk,DDK_EVENTS,NONE,recommended: DDK,MODERATE,syllables/s,≥0 syllables/s,Full DDK trial and events,family10-reviewed-ddk-1.0.0,family10_ddk_reviewed_v1,,SOURCE_DEFINED_ID,DOCX FEATURE ID(S) exact ID,
F07,Segment duration and temporal variability,47,"Vowel duration variability indices (deltaV, VarcoV, nPVI-V)",delta_v_s,IMPLEMENTED,True,timing,ALIGNMENT,NONE,recommended: Bamboo Passage,LIMITED,s,0–1 s,Aligned vowel sequence,family07-reviewed-duration-1.0.0,family07_alignment_tokens_v1,,SOURCE_DEFINED_ID,DOCX FEATURE ID(S) exact ID,
F02,"Voice quality, perturbation and noise",11,Directional perturbation factor (DFP),dfp_pct,IMPLEMENTED,True,voice,REVIEWED_SEGMENTATION,NONE,recommended: Sustained /a/,NOT ESTABLISHED,%,0–100%,Cycles,family02-praat-1.0.0,family02_stable_vowel_praat_v1,,SOURCE_DEFINED_ID,DOCX FEATURE ID(S) exact ID,
F13,"Nonlinear complexity, rhythm and regularity composites",77,Articulatory dynamics marker (complexity + rate of vocal-tract movement),dynamics_articulation_rate,NOT_IMPLEMENTED,False,,OTHER,OTHER,source only: Bamboo Passage / sentence-level connected speech,LIMITED,standardized/factor score,No universal bound or implementation-dependent.,Short-time frames or transform-specific analysis windows over the task region defined by the source algorithm.,delta-MFCC RQA + articulation rate,—,"Delta-MFCC RQA metric/threshold/normalization/aggregation and source articulation-rate contract; factor scaling, order, weights and intercept. Existing Family 08 rate does not establish source parity.",SOURCE_DEFINED_ID,DOCX text-box FEATURE ID(S) exact ID,SOURCE_DEFINITION_INCOMPLETE
F13,"Nonlinear complexity, rhythm and regularity composites",77,Articulatory dynamics marker (complexity + rate of vocal-tract movement),dynamics_det_dmfcc_components,NOT_IMPLEMENTED,False,,OTHER,OTHER,source only: Bamboo Passage / sentence-level connected speech,LIMITED,standardized/factor score,No universal bound or implementation-dependent.,Short-time frames or transform-specific analysis windows over the task region defined by the source algorithm.,delta-MFCC RQA + articulation rate,—,"Delta-MFCC RQA metric/threshold/normalization/aggregation and source articulation-rate contract; factor scaling, order, weights and intercept. Existing Family 08 rate does not establish source parity.",SOURCE_DEFINED_ID,DOCX text-box FEATURE ID(S) exact ID,SOURCE_DEFINITION_INCOMPLETE
F13,"Nonlinear complexity, rhythm and regularity composites",77,Articulatory dynamics marker (complexity + rate of vocal-tract movement),dynamics_factor_if_frozen,NOT_IMPLEMENTED,False,,OTHER,OTHER,source only: Bamboo Passage / sentence-level connected speech,LIMITED,standardized/factor score,No universal bound or implementation-dependent.,Short-time frames or transform-specific analysis windows over the task region defined by the source algorithm.,delta-MFCC RQA + articulation rate,—,"Delta-MFCC RQA metric/threshold/normalization/aggregation and source articulation-rate contract; factor scaling, order, weights and intercept. Existing Family 08 rate does not establish source parity.",SOURCE_DEFINED_ID,DOCX text-box FEATURE ID(S) exact ID,FACTOR_TRANSFORM_NOT_FROZEN
F01,F0 and pitch variability,2,Frequency variability (vF0),f0_iqr_st,IMPLEMENTED,True,voice,REVIEWED_SEGMENTATION,NONE,recommended: Bamboo Passage,NOT ESTABLISHED,st,—,Voiced frames,family01-praat-ac-1.0.0,family01_f0_praat_ac_v1,,SOURCE_DEFINED_ID,DOCX FEATURE ID(S) exact ID,
F01,F0 and pitch variability,1,Fundamental frequency (F0),f0_mean_hz,IMPLEMENTED,True,voice,REVIEWED_SEGMENTATION,NONE,recommended: Sustained /a/,NOT ESTABLISHED,Hz,60–500 Hz,Voiced frames,family01-praat-ac-1.0.0,family01_f0_praat_ac_v1,,SOURCE_DEFINED_ID,DOCX FEATURE ID(S) exact ID,
F01,F0 and pitch variability,1,Fundamental frequency (F0),f0_median_hz,IMPLEMENTED,True,voice,REVIEWED_SEGMENTATION,NONE,recommended: Sustained /a/,NOT ESTABLISHED,Hz,60–500 Hz,Voiced frames,family01-praat-ac-1.0.0,family01_f0_praat_ac_v1,,SOURCE_DEFINED_ID,DOCX FEATURE ID(S) exact ID,
F01,F0 and pitch variability,2,Frequency variability (vF0),f0_range_st,IMPLEMENTED,True,voice,REVIEWED_SEGMENTATION,NONE,recommended: Bamboo Passage,NOT ESTABLISHED,st,—,Voiced frames,family01-praat-ac-1.0.0,family01_f0_praat_ac_v1,,SOURCE_DEFINED_ID,DOCX FEATURE ID(S) exact ID,
F01,F0 and pitch variability,2,Frequency variability (vF0),f0_sd_st,IMPLEMENTED,True,voice,REVIEWED_SEGMENTATION,NONE,recommended: Bamboo Passage,NOT ESTABLISHED,st,—,Voiced frames,family01-praat-ac-1.0.0,family01_f0_praat_ac_v1,,SOURCE_DEFINED_ID,DOCX FEATURE ID(S) exact ID,
F05,Formant dynamics,34,Formant frequency range (diphthong),f1_range_<diphthong>_hz,UNRESOLVED_TEMPLATE,False,,ALIGNMENT,FORMANT_TARGET,,LIMITED,Hz,0–3000*,Speech · Frames,diphthong formant track → max−min,—,"Diphthong, glide exclusions and concrete ID not frozen.",PROJECT_TEMPLATE,DOCX FEATURE ID(S) template; no frozen concrete public ID,
F05,Formant dynamics,33,Formant transition slope (F1/F2 slope),f1_slope_<target>_hz_s,UNRESOLVED_TEMPLATE,False,,ALIGNMENT,FORMANT_TARGET,conditional: Bamboo Passage,STRONG,Hz/s,−80k–+80k*,Speech · Frames,aligned transition → Burg tracks → slope,—,"Target/task, transition window and concrete ID not frozen.",PROJECT_TEMPLATE,DOCX FEATURE ID(S) template; no frozen concrete public ID,
F04,Formant and vowel-space measures,22,First formant (F1),f1_token_hz,IMPLEMENTED,True,formants,ALIGNMENT,NONE,recommended: Bamboo Passage; conditional: WSTG,NOT ESTABLISHED,Hz,150–1200 Hz,Aligned vowel token,family04-parselmouth-burg-1.0.0,family04_burg_native_5500_v1,,SOURCE_DEFINED_ID,DOCX FEATURE ID(S) exact ID,
F04,Formant and vowel-space measures,22,First formant (F1),f1_vowel_median_hz,IMPLEMENTED,True,formants,ALIGNMENT,VOWEL_CATEGORY,recommended: Bamboo Passage; conditional: WSTG,NOT ESTABLISHED,Hz,150–1200 Hz,Named vowel / recording,family04-parselmouth-burg-1.0.0,family04_burg_native_5500_v1,,SOURCE_DEFINED_ID,DOCX FEATURE ID(S) exact ID,
F04,Formant and vowel-space measures,31,F2 convergence (/i/-/a/ distance),f2_distance_i_a_hz,IMPLEMENTED,True,formants,ALIGNMENT,VOWEL_CATEGORY,,LIMITED,Hz,≥0 Hz,Recording,family04-parselmouth-burg-1.0.0,family04_burg_native_5500_v1,,SOURCE_DEFINED_ID,DOCX FEATURE ID(S) exact ID,
F05,Formant dynamics,34,Formant frequency range (diphthong),f2_range_<diphthong>_hz,UNRESOLVED_TEMPLATE,False,,ALIGNMENT,FORMANT_TARGET,,LIMITED,Hz,0–3000*,Speech · Frames,diphthong formant track → max−min,—,"Diphthong, glide exclusions and concrete ID not frozen.",PROJECT_TEMPLATE,DOCX FEATURE ID(S) template; no frozen concrete public ID,
F05,Formant dynamics,33,Formant transition slope (F1/F2 slope),f2_slope_<target>_hz_s,UNRESOLVED_TEMPLATE,False,,ALIGNMENT,FORMANT_TARGET,conditional: Bamboo Passage,STRONG,Hz/s,−80k–+80k*,Speech · Frames,aligned transition → Burg tracks → slope,—,"Target/task, transition window and concrete ID not frozen.",PROJECT_TEMPLATE,DOCX FEATURE ID(S) template; no frozen concrete public ID,
F04,Formant and vowel-space measures,21,Second formant (F2),f2_token_hz,IMPLEMENTED,True,formants,ALIGNMENT,NONE,recommended: Bamboo Passage; conditional: WSTG,NOT ESTABLISHED,Hz,500–3500 Hz,Aligned vowel token,family04-parselmouth-burg-1.0.0,family04_burg_native_5500_v1,,SOURCE_DEFINED_ID,DOCX FEATURE ID(S) exact ID,
F04,Formant and vowel-space measures,21,Second formant (F2),f2_vowel_median_hz,IMPLEMENTED,True,formants,ALIGNMENT,VOWEL_CATEGORY,recommended: Bamboo Passage; conditional: WSTG,NOT ESTABLISHED,Hz,500–3500 Hz,Named vowel / recording,family04-parselmouth-burg-1.0.0,family04_burg_native_5500_v1,,SOURCE_DEFINED_ID,DOCX FEATURE ID(S) exact ID,
F04,Formant and vowel-space measures,26,Third formant (F3),f3_token_hz,IMPLEMENTED,True,formants,ALIGNMENT,NONE,recommended: Bamboo Passage; conditional: WSTG,NOT ESTABLISHED,Hz,1200–5000 Hz,Aligned vowel token,family04-parselmouth-burg-1.0.0,family04_burg_native_5500_v1,,SOURCE_DEFINED_ID,DOCX FEATURE ID(S) exact ID,
F04,Formant and vowel-space measures,26,Third formant (F3),f3_vowel_median_hz,IMPLEMENTED,True,formants,ALIGNMENT,VOWEL_CATEGORY,recommended: Bamboo Passage; conditional: WSTG,NOT ESTABLISHED,Hz,1200–5000 Hz,Named vowel / recording,family04-parselmouth-burg-1.0.0,family04_burg_native_5500_v1,,SOURCE_DEFINED_ID,DOCX FEATURE ID(S) exact ID,
F04,Formant and vowel-space measures,29,Formant centralization ratio (FCR),fcr_iau,IMPLEMENTED,True,formants,ALIGNMENT,VOWEL_CATEGORY,recommended: Bamboo Passage,LIMITED,dimensionless,—,Recording,family04-parselmouth-burg-1.0.0,family04_burg_native_5500_v1,,SOURCE_DEFINED_ID,DOCX FEATURE ID(S) exact ID,
F04,Formant and vowel-space measures,24,Formant ratio index (FRI),fri_iau,IMPLEMENTED,True,formants,ALIGNMENT,VOWEL_CATEGORY,recommended: Bamboo Passage,NOT ESTABLISHED,dimensionless,—,Recording,family04-parselmouth-burg-1.0.0,family04_burg_native_5500_v1,,SOURCE_DEFINED_ID,DOCX FEATURE ID(S) exact ID,
F02,"Voice quality, perturbation and noise",8,Glottal-to-noise excitation ratio (GNE),gne_source_replication_only,NOT_IMPLEMENTED,False,voice,REVIEWED_SEGMENTATION,NONE,recommended: Sustained /a/,NOT ESTABLISHED,dimensionless,—,Voiced frames,family02-praat-1.0.0,family02_stable_vowel_praat_v1,Source filter bandwidth/order and envelope aggregation are not fully disclosed.,SOURCE_DEFINED_ID,DOCX FEATURE ID(S) exact ID,SOURCE_DEFINITION_INCOMPLETE
F02,"Voice quality, perturbation and noise",12,Harmonic-structure features (mean/SD/RelH of first 8 harmonics),harmonic_h1_h8_mean,NOT_IMPLEMENTED,False,voice,REVIEWED_SEGMENTATION,NONE,recommended: Sustained /a/,LIMITED,source-scaled,—,Cycles,family02-praat-1.0.0,family02_stable_vowel_praat_v1,Source harmonic scaling and window normalization are not reproducible.,SOURCE_DEFINED_ID,DOCX FEATURE ID(S) exact ID,SOURCE_DEFINITION_INCOMPLETE
F02,"Voice quality, perturbation and noise",12,Harmonic-structure features (mean/SD/RelH of first 8 harmonics),harmonic_h1_h8_sd,NOT_IMPLEMENTED,False,voice,REVIEWED_SEGMENTATION,NONE,recommended: Sustained /a/,LIMITED,source-scaled,—,Cycles,family02-praat-1.0.0,family02_stable_vowel_praat_v1,Source harmonic scaling and window normalization are not reproducible.,SOURCE_DEFINED_ID,DOCX FEATURE ID(S) exact ID,SOURCE_DEFINITION_INCOMPLETE
F02,"Voice quality, perturbation and noise",7,Harmonic-to-noise ratio (HNR),hnr_mean_db,IMPLEMENTED,True,voice,REVIEWED_SEGMENTATION,NONE,recommended: Sustained /a/,MODERATE,dB,—,Voiced frames,family02-praat-1.0.0,family02_stable_vowel_praat_v1,,SOURCE_DEFINED_ID,DOCX FEATURE ID(S) exact ID,
F01,F0 and pitch variability,4,Intonation marker (F0 variability composite),intonation_f0_iqr_st,IMPLEMENTED,True,voice,REVIEWED_SEGMENTATION,NONE,recommended: Bamboo Passage,LIMITED,st,—,Voiced frames,family01-praat-ac-1.0.0,family01_f0_praat_ac_v1,,SOURCE_DEFINED_ID,DOCX FEATURE ID(S) exact ID,
F01,F0 and pitch variability,4,Intonation marker (F0 variability composite),intonation_f0_sd_st,IMPLEMENTED,True,voice,REVIEWED_SEGMENTATION,NONE,recommended: Bamboo Passage,LIMITED,st,—,Voiced frames,family01-praat-ac-1.0.0,family01_f0_praat_ac_v1,,SOURCE_DEFINED_ID,DOCX FEATURE ID(S) exact ID,
F01,F0 and pitch variability,4,Intonation marker (F0 variability composite),intonation_factor_score_if_frozen,NOT_IMPLEMENTED,False,voice,REVIEWED_SEGMENTATION,NONE,recommended: Bamboo Passage,LIMITED,source-specific score,—,Whole task,family01-praat-ac-1.0.0,family01_f0_praat_ac_v1,Source coefficients and standardization transform were not supplied.,SOURCE_DEFINED_ID,DOCX FEATURE ID(S) exact ID,FACTOR_TRANSFORM_NOT_FROZEN
F02,"Voice quality, perturbation and noise",5,Jitter,jitter_absolute_s,IMPLEMENTED,True,voice,REVIEWED_SEGMENTATION,NONE,recommended: Sustained /a/,MODERATE,s,—,Cycles,family02-praat-1.0.0,family02_stable_vowel_praat_v1,,SOURCE_DEFINED_ID,DOCX FEATURE ID(S) exact ID,
F02,"Voice quality, perturbation and noise",5,Jitter,jitter_ddp_pct,IMPLEMENTED,True,voice,REVIEWED_SEGMENTATION,NONE,recommended: Sustained /a/,MODERATE,%,—,Cycles,family02-praat-1.0.0,family02_stable_vowel_praat_v1,,SOURCE_DEFINED_ID,DOCX FEATURE ID(S) exact ID,
F02,"Voice quality, perturbation and noise",5,Jitter,jitter_local_pct,IMPLEMENTED,True,voice,REVIEWED_SEGMENTATION,NONE,recommended: Sustained /a/,MODERATE,%,—,Cycles,family02-praat-1.0.0,family02_stable_vowel_praat_v1,,SOURCE_DEFINED_ID,DOCX FEATURE ID(S) exact ID,
F02,"Voice quality, perturbation and noise",5,Jitter,jitter_ppq5_pct,IMPLEMENTED,True,voice,REVIEWED_SEGMENTATION,NONE,recommended: Sustained /a/,MODERATE,%,—,Cycles,family02-praat-1.0.0,family02_stable_vowel_praat_v1,,SOURCE_DEFINED_ID,DOCX FEATURE ID(S) exact ID,
F02,"Voice quality, perturbation and noise",5,Jitter,jitter_rap_pct,IMPLEMENTED,True,voice,REVIEWED_SEGMENTATION,NONE,recommended: Sustained /a/,MODERATE,%,—,Cycles,family02-praat-1.0.0,family02_stable_vowel_praat_v1,,SOURCE_DEFINED_ID,DOCX FEATURE ID(S) exact ID,
F06,Segmental articulatory / phonetic contrasts,37,First spectral moment difference (/t/ vs /k/ place contrast),m1_t_minus_k_hz,IMPLEMENTED,True,segmental,ACOUSTIC_SUBEVENT_ANNOTATION,SEGMENTAL_TARGET,,LIMITED,Hz,−10k–+10k*,Matched burst pairs / recording,family06-aligned-subevents-1.0.0,family06_native_subevents_v1,,SOURCE_DEFINED_ID,DOCX FEATURE ID(S) exact ID,
F09,Pause and phrasing,55,Mean pause duration,mean_pause_duration_s,IMPLEMENTED,True,timing,REVIEWED_SEGMENTATION,NONE,recommended: Bamboo Passage,LIMITED,s,No universal bound,Pause events,family09-pause-1.0.0,family09_bamboo_reviewed_v1,,SOURCE_DEFINED_ID,DOCX FEATURE ID(S) exact ID,
F09,Pause and phrasing,56,Mean phrase duration,mean_phrase_duration_s,IMPLEMENTED,True,timing,REVIEWED_SEGMENTATION,NONE,recommended: Bamboo Passage,NOT ESTABLISHED,s,No universal bound,Phrase events,family09-pause-1.0.0,family09_bamboo_reviewed_v1,,SOURCE_DEFINED_ID,DOCX FEATURE ID(S) exact ID,
F07,Segment duration and temporal variability,43,Average word duration,mean_word_duration_s,IMPLEMENTED,True,timing,ALIGNMENT,NONE,recommended: Bamboo Passage,LIMITED,s,0.05–2.0 s,Aligned word tokens,family07-reviewed-duration-1.0.0,family07_alignment_tokens_v1,,SOURCE_DEFINED_ID,DOCX FEATURE ID(S) exact ID,
F12,Spectral and cepstral descriptors,65,Mel-frequency cepstral coefficients (MFCC),mfcc01_mean,IMPLEMENTED,True,spectrum,REVIEWED_SEGMENTATION,NONE,recommended: Sustained /a/,NOT ESTABLISHED,cepstral coefficient,—,Frames,family12-spectral-1.0.0,family12_mfcc_48k_v1,,SOURCE_DEFINED_ID,Deterministic coefficient/band expansion of DOCX FEATURE ID(S) range,
F12,Spectral and cepstral descriptors,65,Mel-frequency cepstral coefficients (MFCC),mfcc01_sd,IMPLEMENTED,True,spectrum,REVIEWED_SEGMENTATION,NONE,recommended: Sustained /a/,NOT ESTABLISHED,cepstral coefficient,—,Frames,family12-spectral-1.0.0,family12_mfcc_48k_v1,,SOURCE_DEFINED_ID,Deterministic coefficient/band expansion of DOCX FEATURE ID(S) range,
F12,Spectral and cepstral descriptors,65,Mel-frequency cepstral coefficients (MFCC),mfcc02_mean,IMPLEMENTED,True,spectrum,REVIEWED_SEGMENTATION,NONE,recommended: Sustained /a/,NOT ESTABLISHED,cepstral coefficient,—,Frames,family12-spectral-1.0.0,family12_mfcc_48k_v1,,SOURCE_DEFINED_ID,Deterministic coefficient/band expansion of DOCX FEATURE ID(S) range,
F12,Spectral and cepstral descriptors,65,Mel-frequency cepstral coefficients (MFCC),mfcc02_sd,IMPLEMENTED,True,spectrum,REVIEWED_SEGMENTATION,NONE,recommended: Sustained /a/,NOT ESTABLISHED,cepstral coefficient,—,Frames,family12-spectral-1.0.0,family12_mfcc_48k_v1,,SOURCE_DEFINED_ID,Deterministic coefficient/band expansion of DOCX FEATURE ID(S) range,
F12,Spectral and cepstral descriptors,65,Mel-frequency cepstral coefficients (MFCC),mfcc03_mean,IMPLEMENTED,True,spectrum,REVIEWED_SEGMENTATION,NONE,recommended: Sustained /a/,NOT ESTABLISHED,cepstral coefficient,—,Frames,family12-spectral-1.0.0,family12_mfcc_48k_v1,,SOURCE_DEFINED_ID,Deterministic coefficient/band expansion of DOCX FEATURE ID(S) range,
F12,Spectral and cepstral descriptors,65,Mel-frequency cepstral coefficients (MFCC),mfcc03_sd,IMPLEMENTED,True,spectrum,REVIEWED_SEGMENTATION,NONE,recommended: Sustained /a/,NOT ESTABLISHED,cepstral coefficient,—,Frames,family12-spectral-1.0.0,family12_mfcc_48k_v1,,SOURCE_DEFINED_ID,Deterministic coefficient/band expansion of DOCX FEATURE ID(S) range,
F12,Spectral and cepstral descriptors,65,Mel-frequency cepstral coefficients (MFCC),mfcc04_mean,IMPLEMENTED,True,spectrum,REVIEWED_SEGMENTATION,NONE,recommended: Sustained /a/,NOT ESTABLISHED,cepstral coefficient,—,Frames,family12-spectral-1.0.0,family12_mfcc_48k_v1,,SOURCE_DEFINED_ID,Deterministic coefficient/band expansion of DOCX FEATURE ID(S) range,
F12,Spectral and cepstral descriptors,65,Mel-frequency cepstral coefficients (MFCC),mfcc04_sd,IMPLEMENTED,True,spectrum,REVIEWED_SEGMENTATION,NONE,recommended: Sustained /a/,NOT ESTABLISHED,cepstral coefficient,—,Frames,family12-spectral-1.0.0,family12_mfcc_48k_v1,,SOURCE_DEFINED_ID,Deterministic coefficient/band expansion of DOCX FEATURE ID(S) range,
F12,Spectral and cepstral descriptors,65,Mel-frequency cepstral coefficients (MFCC),mfcc05_mean,IMPLEMENTED,True,spectrum,REVIEWED_SEGMENTATION,NONE,recommended: Sustained /a/,NOT ESTABLISHED,cepstral coefficient,—,Frames,family12-spectral-1.0.0,family12_mfcc_48k_v1,,SOURCE_DEFINED_ID,Deterministic coefficient/band expansion of DOCX FEATURE ID(S) range,
F12,Spectral and cepstral descriptors,65,Mel-frequency cepstral coefficients (MFCC),mfcc05_sd,IMPLEMENTED,True,spectrum,REVIEWED_SEGMENTATION,NONE,recommended: Sustained /a/,NOT ESTABLISHED,cepstral coefficient,—,Frames,family12-spectral-1.0.0,family12_mfcc_48k_v1,,SOURCE_DEFINED_ID,Deterministic coefficient/band expansion of DOCX FEATURE ID(S) range,
F12,Spectral and cepstral descriptors,65,Mel-frequency cepstral coefficients (MFCC),mfcc06_mean,IMPLEMENTED,True,spectrum,REVIEWED_SEGMENTATION,NONE,recommended: Sustained /a/,NOT ESTABLISHED,cepstral coefficient,—,Frames,family12-spectral-1.0.0,family12_mfcc_48k_v1,,SOURCE_DEFINED_ID,Deterministic coefficient/band expansion of DOCX FEATURE ID(S) range,
F12,Spectral and cepstral descriptors,65,Mel-frequency cepstral coefficients (MFCC),mfcc06_sd,IMPLEMENTED,True,spectrum,REVIEWED_SEGMENTATION,NONE,recommended: Sustained /a/,NOT ESTABLISHED,cepstral coefficient,—,Frames,family12-spectral-1.0.0,family12_mfcc_48k_v1,,SOURCE_DEFINED_ID,Deterministic coefficient/band expansion of DOCX FEATURE ID(S) range,
F12,Spectral and cepstral descriptors,65,Mel-frequency cepstral coefficients (MFCC),mfcc07_mean,IMPLEMENTED,True,spectrum,REVIEWED_SEGMENTATION,NONE,recommended: Sustained /a/,NOT ESTABLISHED,cepstral coefficient,—,Frames,family12-spectral-1.0.0,family12_mfcc_48k_v1,,SOURCE_DEFINED_ID,Deterministic coefficient/band expansion of DOCX FEATURE ID(S) range,
F12,Spectral and cepstral descriptors,65,Mel-frequency cepstral coefficients (MFCC),mfcc07_sd,IMPLEMENTED,True,spectrum,REVIEWED_SEGMENTATION,NONE,recommended: Sustained /a/,NOT ESTABLISHED,cepstral coefficient,—,Frames,family12-spectral-1.0.0,family12_mfcc_48k_v1,,SOURCE_DEFINED_ID,Deterministic coefficient/band expansion of DOCX FEATURE ID(S) range,
F12,Spectral and cepstral descriptors,65,Mel-frequency cepstral coefficients (MFCC),mfcc08_mean,IMPLEMENTED,True,spectrum,REVIEWED_SEGMENTATION,NONE,recommended: Sustained /a/,NOT ESTABLISHED,cepstral coefficient,—,Frames,family12-spectral-1.0.0,family12_mfcc_48k_v1,,SOURCE_DEFINED_ID,Deterministic coefficient/band expansion of DOCX FEATURE ID(S) range,
F12,Spectral and cepstral descriptors,65,Mel-frequency cepstral coefficients (MFCC),mfcc08_sd,IMPLEMENTED,True,spectrum,REVIEWED_SEGMENTATION,NONE,recommended: Sustained /a/,NOT ESTABLISHED,cepstral coefficient,—,Frames,family12-spectral-1.0.0,family12_mfcc_48k_v1,,SOURCE_DEFINED_ID,Deterministic coefficient/band expansion of DOCX FEATURE ID(S) range,
F12,Spectral and cepstral descriptors,65,Mel-frequency cepstral coefficients (MFCC),mfcc09_mean,IMPLEMENTED,True,spectrum,REVIEWED_SEGMENTATION,NONE,recommended: Sustained /a/,NOT ESTABLISHED,cepstral coefficient,—,Frames,family12-spectral-1.0.0,family12_mfcc_48k_v1,,SOURCE_DEFINED_ID,Deterministic coefficient/band expansion of DOCX FEATURE ID(S) range,
F12,Spectral and cepstral descriptors,65,Mel-frequency cepstral coefficients (MFCC),mfcc09_sd,IMPLEMENTED,True,spectrum,REVIEWED_SEGMENTATION,NONE,recommended: Sustained /a/,NOT ESTABLISHED,cepstral coefficient,—,Frames,family12-spectral-1.0.0,family12_mfcc_48k_v1,,SOURCE_DEFINED_ID,Deterministic coefficient/band expansion of DOCX FEATURE ID(S) range,
F12,Spectral and cepstral descriptors,65,Mel-frequency cepstral coefficients (MFCC),mfcc10_mean,IMPLEMENTED,True,spectrum,REVIEWED_SEGMENTATION,NONE,recommended: Sustained /a/,NOT ESTABLISHED,cepstral coefficient,—,Frames,family12-spectral-1.0.0,family12_mfcc_48k_v1,,SOURCE_DEFINED_ID,Deterministic coefficient/band expansion of DOCX FEATURE ID(S) range,
F12,Spectral and cepstral descriptors,65,Mel-frequency cepstral coefficients (MFCC),mfcc10_sd,IMPLEMENTED,True,spectrum,REVIEWED_SEGMENTATION,NONE,recommended: Sustained /a/,NOT ESTABLISHED,cepstral coefficient,—,Frames,family12-spectral-1.0.0,family12_mfcc_48k_v1,,SOURCE_DEFINED_ID,Deterministic coefficient/band expansion of DOCX FEATURE ID(S) range,
F12,Spectral and cepstral descriptors,65,Mel-frequency cepstral coefficients (MFCC),mfcc11_mean,IMPLEMENTED,True,spectrum,REVIEWED_SEGMENTATION,NONE,recommended: Sustained /a/,NOT ESTABLISHED,cepstral coefficient,—,Frames,family12-spectral-1.0.0,family12_mfcc_48k_v1,,SOURCE_DEFINED_ID,Deterministic coefficient/band expansion of DOCX FEATURE ID(S) range,
F12,Spectral and cepstral descriptors,65,Mel-frequency cepstral coefficients (MFCC),mfcc11_sd,IMPLEMENTED,True,spectrum,REVIEWED_SEGMENTATION,NONE,recommended: Sustained /a/,NOT ESTABLISHED,cepstral coefficient,—,Frames,family12-spectral-1.0.0,family12_mfcc_48k_v1,,SOURCE_DEFINED_ID,Deterministic coefficient/band expansion of DOCX FEATURE ID(S) range,
F12,Spectral and cepstral descriptors,65,Mel-frequency cepstral coefficients (MFCC),mfcc12_mean,IMPLEMENTED,True,spectrum,REVIEWED_SEGMENTATION,NONE,recommended: Sustained /a/,NOT ESTABLISHED,cepstral coefficient,—,Frames,family12-spectral-1.0.0,family12_mfcc_48k_v1,,SOURCE_DEFINED_ID,Deterministic coefficient/band expansion of DOCX FEATURE ID(S) range,
F12,Spectral and cepstral descriptors,65,Mel-frequency cepstral coefficients (MFCC),mfcc12_sd,IMPLEMENTED,True,spectrum,REVIEWED_SEGMENTATION,NONE,recommended: Sustained /a/,NOT ESTABLISHED,cepstral coefficient,—,Frames,family12-spectral-1.0.0,family12_mfcc_48k_v1,,SOURCE_DEFINED_ID,Deterministic coefficient/band expansion of DOCX FEATURE ID(S) range,
F12,Spectral and cepstral descriptors,65,Mel-frequency cepstral coefficients (MFCC),mfcc13_mean,IMPLEMENTED,True,spectrum,REVIEWED_SEGMENTATION,NONE,recommended: Sustained /a/,NOT ESTABLISHED,cepstral coefficient,—,Frames,family12-spectral-1.0.0,family12_mfcc_48k_v1,,SOURCE_DEFINED_ID,Deterministic coefficient/band expansion of DOCX FEATURE ID(S) range,
F12,Spectral and cepstral descriptors,65,Mel-frequency cepstral coefficients (MFCC),mfcc13_sd,IMPLEMENTED,True,spectrum,REVIEWED_SEGMENTATION,NONE,recommended: Sustained /a/,NOT ESTABLISHED,cepstral coefficient,—,Frames,family12-spectral-1.0.0,family12_mfcc_48k_v1,,SOURCE_DEFINED_ID,Deterministic coefficient/band expansion of DOCX FEATURE ID(S) range,
F06,Segmental articulatory / phonetic contrasts,38,Fricative/affricate noise duration,noise_duration_<target>_s,UNRESOLVED_TEMPLATE,False,segmental,ACOUSTIC_SUBEVENT_ANNOTATION,SEGMENTAL_TARGET,,LIMITED,s,0–1.5,Speech · Segments,aligned fricative/affricate noise interval,—,Target and validated acoustic noise onset/offset definition not frozen.,PROJECT_TEMPLATE,DOCX FEATURE ID(S) template; no frozen concrete public ID,
F06,Segmental articulatory / phonetic contrasts,39,Noise energy rise time,noise_rise_time_<definition>_s,UNRESOLVED_TEMPLATE,False,segmental,ACOUSTIC_SUBEVENT_ANNOTATION,SEGMENTAL_TARGET,,LIMITED,s,0–0.5,Speech · Segments,noise envelope → rise time,—,Source rise endpoints/level criterion and concrete ID not disclosed.,PROJECT_TEMPLATE,DOCX FEATURE ID(S) template; no frozen concrete public ID,
F06,Segmental articulatory / phonetic contrasts,40,Normalized temporal contrast (long-short vowels),normalized_duration_contrast_<A>_<B>,UNRESOLVED_TEMPLATE,False,segmental,ACOUSTIC_SUBEVENT_ANNOTATION,SEGMENTAL_TARGET,,NOT ESTABLISHED,dimensionless,−2–+2,Speech · Segments,long vs short vowel durations → contrast,—,"A/B targets, task, pairing rule and concrete ID not frozen.",PROJECT_TEMPLATE,DOCX FEATURE ID(S) template; no frozen concrete public ID,
F07,Segment duration and temporal variability,47,"Vowel duration variability indices (deltaV, VarcoV, nPVI-V)",npvi_v_pct,IMPLEMENTED,True,timing,ALIGNMENT,NONE,recommended: Bamboo Passage,LIMITED,%,0–300%,Ordered aligned vowel pairs,family07-reviewed-duration-1.0.0,family07_alignment_tokens_v1,,SOURCE_DEFINED_ID,DOCX FEATURE ID(S) exact ID,
F12,Spectral and cepstral descriptors,68,"Spectral-band magnitude (1-4 kHz, openSMILE FFT)",opensmile_1_4khz_<functional>,UNRESOLVED_TEMPLATE,False,spectrum,REVIEWED_SEGMENTATION,NONE,recommended: WSTG,NOT ESTABLISHED,source-specific,—,Frames,family12-spectral-1.0.0,family12_spectral_48k_v1,Named openSMILE functional/configuration and concrete ID not frozen.,PROJECT_TEMPLATE,DOCX FEATURE ID(S) template; no frozen concrete public ID,
F09,Pause and phrasing,53,Pause events (count),pause_count,IMPLEMENTED,True,timing,REVIEWED_SEGMENTATION,NONE,recommended: Bamboo Passage,MODERATE,count,≥0,Pause events,family09-pause-1.0.0,family09_bamboo_reviewed_v1,,SOURCE_DEFINED_ID,DOCX FEATURE ID(S) exact ID,
F09,Pause and phrasing,57,Pause-pattern marker (composite),pause_pattern_components,IMPLEMENTED,True,timing,REVIEWED_SEGMENTATION,NONE,recommended: Bamboo Passage,LIMITED,structured component vector,No universal bound,Whole recording,family09-pause-1.0.0,family09_bamboo_reviewed_v1,,SOURCE_DEFINED_ID,DOCX FEATURE ID(S) exact ID,
F09,Pause and phrasing,57,Pause-pattern marker (composite),pause_pattern_factor_if_frozen,NOT_IMPLEMENTED,False,timing,REVIEWED_SEGMENTATION,NONE,recommended: Bamboo Passage,LIMITED,standardized factor score,No universal bound,Whole recording,family09-pause-1.0.0,family09_bamboo_reviewed_v1,"Frozen source scaling, loadings and intercept were not supplied.",SOURCE_DEFINED_ID,DOCX FEATURE ID(S) exact ID,FACTOR_TRANSFORM_NOT_FROZEN
F09,Pause and phrasing,54,Percent pause,percent_pause_ge300ms,IMPLEMENTED,True,timing,REVIEWED_SEGMENTATION,NONE,recommended: Bamboo Passage,MODERATE,%,0–100%,Whole utterance,family09-pause-1.0.0,family09_bamboo_reviewed_v1,,SOURCE_DEFINED_ID,DOCX FEATURE ID(S) exact ID,
F01,F0 and pitch variability,3,Phonatory frequency range (PFR),pfr_maxmin_st,IMPLEMENTED,True,voice,REVIEWED_SEGMENTATION,NONE,recommended: Sustained /a/,LIMITED,st,—,Voiced frames,family01-praat-ac-1.0.0,family01_f0_praat_ac_v1,,SOURCE_DEFINED_ID,DOCX FEATURE ID(S) exact ID,
F13,"Nonlinear complexity, rhythm and regularity composites",72,Pitch period entropy (PPE),ppe_source_replication_only,NOT_IMPLEMENTED,False,,OTHER,OTHER,source only: Sustained /a/,NOT ESTABLISHED,bits / dimensionless entropy,No universal bound or implementation-dependent.,Short-time frames or transform-specific analysis windows over the task region defined by the source algorithm.,F0 → semitone residual → whitening → entropy,—,"Whitening filter/coefficients, residual construction and histogram edges are not frozen.",SOURCE_DEFINED_ID,DOCX text-box FEATURE ID(S) exact ID,SOURCE_DEFINITION_INCOMPLETE
F13,"Nonlinear complexity, rhythm and regularity composites",74,Spectral entropy marker (WPD Shannon entropy),psd_spectral_entropy_<config>,UNRESOLVED_TEMPLATE,False,,OTHER,OTHER,source only: Task-specific; split PSD spectral entropy and WPD entropy into separate outputs,NOT ESTABLISHED,dimensionless; bits if unnormalized base-2 entropy,No universal bound or implementation-dependent.,Short-time frames or transform-specific analysis windows over the task region defined by the source algorithm.,wavelet packet / PSD entropy · split variants,—,"WPD wavelet, level, extension, node selection, energy normalization and log base; PSD estimator, frequency range, framing, normalization and aggregation.",PROJECT_TEMPLATE,DOCX text-box FEATURE ID(S) template; no frozen concrete public ID,
F02,"Voice quality, perturbation and noise",9,Pathological vibrato index (PVI),pvi_9_14hz_source,NOT_IMPLEMENTED,False,voice,REVIEWED_SEGMENTATION,NONE,recommended: Sustained /a/,NOT ESTABLISHED,source-specific,—,F0 contour,family02-praat-1.0.0,family02_stable_vowel_praat_v1,Source filter order and missing-F0 interpolation are not frozen.,SOURCE_DEFINED_ID,DOCX FEATURE ID(S) exact ID,SOURCE_DEFINITION_INCOMPLETE
F13,"Nonlinear complexity, rhythm and regularity composites",79,Speech regularity marker (composite),regularity_factor_if_frozen,NOT_IMPLEMENTED,False,,OTHER,OTHER,source only: Bamboo Passage / source-matched connected speech,LIMITED,standardized/factor score,No universal bound or implementation-dependent.,Short-time frames or transform-specific analysis windows over the task region defined by the source algorithm.,visibility graph + phase synchrony → composite,—,"Visibility graph construction/density convention, full PSI band/filter/coupling contract and factor scaling/loadings. Similar Family 11 infrastructure is not proven identical.",SOURCE_DEFINED_ID,DOCX text-box FEATURE ID(S) exact ID,FACTOR_TRANSFORM_NOT_FROZEN
F13,"Nonlinear complexity, rhythm and regularity composites",79,Speech regularity marker (composite),regularity_psi_components,NOT_IMPLEMENTED,False,,OTHER,OTHER,source only: Bamboo Passage / source-matched connected speech,LIMITED,standardized/factor score,No universal bound or implementation-dependent.,Short-time frames or transform-specific analysis windows over the task region defined by the source algorithm.,visibility graph + phase synchrony → composite,—,"Visibility graph construction/density convention, full PSI band/filter/coupling contract and factor scaling/loadings. Similar Family 11 infrastructure is not proven identical.",SOURCE_DEFINED_ID,DOCX text-box FEATURE ID(S) exact ID,SOURCE_DEFINITION_INCOMPLETE
F13,"Nonlinear complexity, rhythm and regularity composites",79,Speech regularity marker (composite),regularity_visibility_density,NOT_IMPLEMENTED,False,,OTHER,OTHER,source only: Bamboo Passage / source-matched connected speech,LIMITED,standardized/factor score,No universal bound or implementation-dependent.,Short-time frames or transform-specific analysis windows over the task region defined by the source algorithm.,visibility graph + phase synchrony → composite,—,"Visibility graph construction/density convention, full PSI band/filter/coupling contract and factor scaling/loadings. Similar Family 11 infrastructure is not proven identical.",SOURCE_DEFINED_ID,DOCX text-box FEATURE ID(S) exact ID,SOURCE_DEFINITION_INCOMPLETE
F02,"Voice quality, perturbation and noise",12,Harmonic-structure features (mean/SD/RelH of first 8 harmonics),relh_h1_h8,NOT_IMPLEMENTED,False,voice,REVIEWED_SEGMENTATION,NONE,recommended: Sustained /a/,LIMITED,source-specific,—,Cycles,family02-praat-1.0.0,family02_stable_vowel_praat_v1,Source harmonic scaling and window normalization are not reproducible.,SOURCE_DEFINED_ID,DOCX FEATURE ID(S) exact ID,SOURCE_DEFINITION_INCOMPLETE
F13,"Nonlinear complexity, rhythm and regularity composites",78,Rhythmic modulation marker (composite),rhythm_factor_if_frozen,NOT_IMPLEMENTED,False,,OTHER,OTHER,source only: Bamboo Passage / source-matched connected speech,LIMITED,dimensionless modulation depth / phase-synchrony / factor score,No universal bound or implementation-dependent.,Short-time frames or transform-specific analysis windows over the task region defined by the source algorithm.,critical-band envelopes → modulation composite,—,"Complete critical-band inventory, envelope/modulation-depth convention, PSI coupling, normalization, pause handling, aggregation and factor scaling/loadings.",SOURCE_DEFINED_ID,DOCX text-box FEATURE ID(S) exact ID,FACTOR_TRANSFORM_NOT_FROZEN
F13,"Nonlinear complexity, rhythm and regularity composites",78,Rhythmic modulation marker (composite),rhythm_moddepth_<band>,UNRESOLVED_TEMPLATE,False,,OTHER,OTHER,source only: Bamboo Passage / source-matched connected speech,LIMITED,dimensionless modulation depth / phase-synchrony / factor score,No universal bound or implementation-dependent.,Short-time frames or transform-specific analysis windows over the task region defined by the source algorithm.,critical-band envelopes → modulation composite,—,"Complete critical-band inventory, envelope/modulation-depth convention, PSI coupling, normalization, pause handling, aggregation and factor scaling/loadings.",PROJECT_TEMPLATE,DOCX text-box FEATURE ID(S) template; no frozen concrete public ID,
F13,"Nonlinear complexity, rhythm and regularity composites",78,Rhythmic modulation marker (composite),rhythm_psi_<coupling>,UNRESOLVED_TEMPLATE,False,,OTHER,OTHER,source only: Bamboo Passage / source-matched connected speech,LIMITED,dimensionless modulation depth / phase-synchrony / factor score,No universal bound or implementation-dependent.,Short-time frames or transform-specific analysis windows over the task region defined by the source algorithm.,critical-band envelopes → modulation composite,—,"Complete critical-band inventory, envelope/modulation-depth convention, PSI coupling, normalization, pause handling, aggregation and factor scaling/loadings.",PROJECT_TEMPLATE,DOCX text-box FEATURE ID(S) template; no frozen concrete public ID,
F13,"Nonlinear complexity, rhythm and regularity composites",76,Acoustic complexity marker (RQA determinism of MFCCs),rqa_det_mfcc<k>_<config>,UNRESOLVED_TEMPLATE,False,,OTHER,OTHER,source only: Bamboo Passage / source-matched connected speech,LIMITED,dimensionless proportion or %,No universal bound or implementation-dependent.,Short-time frames or transform-specific analysis windows over the task region defined by the source algorithm.,MFCC trajectory → RQA determinism,—,"Coefficient selection, normalization, embedding, delay, metric, recurrence rule, Theiler window, minimum diagonal length and aggregation. Suggested m=3/tau=5/eps=0.2 is only an engineering bridge.",PROJECT_TEMPLATE,DOCX text-box FEATURE ID(S) template; no frozen concrete public ID,
F13,"Nonlinear complexity, rhythm and regularity composites",73,Signal entropy,sample_entropy_<config>,UNRESOLVED_TEMPLATE,False,,OTHER,OTHER,source only: Task-specific; split Shannon entropy and sample entropy into separate outputs,NOT ESTABLISHED,dimensionless; bits if base-2 Shannon entropy is retained,No universal bound or implementation-dependent.,Short-time frames or transform-specific analysis windows over the task region defined by the source algorithm.,explicit entropy variant only,—,"Shannon representation, discretization/bins, log base and aggregation; sample-entropy m, r, tolerance scaling, distance metric, minimum length and aggregation.",PROJECT_TEMPLATE,DOCX text-box FEATURE ID(S) template; no frozen concrete public ID,
F04,Formant and vowel-space measures,25,Second formant ratio index (SFRI),sfri_iau,IMPLEMENTED,True,formants,ALIGNMENT,VOWEL_CATEGORY,recommended: Bamboo Passage,NOT ESTABLISHED,dimensionless,—,Recording,family04-parselmouth-burg-1.0.0,family04_burg_native_5500_v1,,SOURCE_DEFINED_ID,DOCX FEATURE ID(S) exact ID,
F13,"Nonlinear complexity, rhythm and regularity composites",73,Signal entropy,shannon_signal_entropy_<config>,UNRESOLVED_TEMPLATE,False,,OTHER,OTHER,source only: Task-specific; split Shannon entropy and sample entropy into separate outputs,NOT ESTABLISHED,dimensionless; bits if base-2 Shannon entropy is retained,No universal bound or implementation-dependent.,Short-time frames or transform-specific analysis windows over the task region defined by the source algorithm.,explicit entropy variant only,—,"Shannon representation, discretization/bins, log base and aggregation; sample-entropy m, r, tolerance scaling, distance metric, minimum length and aggregation.",PROJECT_TEMPLATE,DOCX text-box FEATURE ID(S) template; no frozen concrete public ID,
F02,"Voice quality, perturbation and noise",6,Shimmer,shimmer_apq11_pct,IMPLEMENTED,True,voice,REVIEWED_SEGMENTATION,NONE,recommended: Sustained /a/,MODERATE,%,—,Cycles,family02-praat-1.0.0,family02_stable_vowel_praat_v1,,SOURCE_DEFINED_ID,DOCX FEATURE ID(S) exact ID,
F02,"Voice quality, perturbation and noise",6,Shimmer,shimmer_apq3_pct,IMPLEMENTED,True,voice,REVIEWED_SEGMENTATION,NONE,recommended: Sustained /a/,MODERATE,%,—,Cycles,family02-praat-1.0.0,family02_stable_vowel_praat_v1,,SOURCE_DEFINED_ID,DOCX FEATURE ID(S) exact ID,
F02,"Voice quality, perturbation and noise",6,Shimmer,shimmer_apq5_pct,IMPLEMENTED,True,voice,REVIEWED_SEGMENTATION,NONE,recommended: Sustained /a/,MODERATE,%,—,Cycles,family02-praat-1.0.0,family02_stable_vowel_praat_v1,,SOURCE_DEFINED_ID,DOCX FEATURE ID(S) exact ID,
F02,"Voice quality, perturbation and noise",6,Shimmer,shimmer_dda_pct,IMPLEMENTED,True,voice,REVIEWED_SEGMENTATION,NONE,recommended: Sustained /a/,MODERATE,%,—,Cycles,family02-praat-1.0.0,family02_stable_vowel_praat_v1,,SOURCE_DEFINED_ID,DOCX FEATURE ID(S) exact ID,
F02,"Voice quality, perturbation and noise",6,Shimmer,shimmer_local_db,IMPLEMENTED,True,voice,REVIEWED_SEGMENTATION,NONE,recommended: Sustained /a/,MODERATE,dB,—,Cycles,family02-praat-1.0.0,family02_stable_vowel_praat_v1,,SOURCE_DEFINED_ID,DOCX FEATURE ID(S) exact ID,
F02,"Voice quality, perturbation and noise",6,Shimmer,shimmer_local_pct,IMPLEMENTED,True,voice,REVIEWED_SEGMENTATION,NONE,recommended: Sustained /a/,MODERATE,%,—,Cycles,family02-praat-1.0.0,family02_stable_vowel_praat_v1,,SOURCE_DEFINED_ID,DOCX FEATURE ID(S) exact ID,
F11,Intensity and amplitude,61,Sound power,sound_power_digital,IMPLEMENTED,True,spectrum,REVIEWED_SEGMENTATION,NONE,"recommended: Sustained /a/, WSTG",NOT ESTABLISHED,digital-amplitude²/s,—,Defined waveform segment,family11-digital-amplitude-1.0.0,family11_amplitude_native_v1,,SOURCE_DEFINED_ID,DOCX FEATURE ID(S) exact ID,
F08,Speech and articulation rate,48,Speaking rate,speaking_rate_syll_s,IMPLEMENTED,True,timing,REVIEWED_SEGMENTATION,PROMPT_COUNT,recommended: Bamboo Passage,STRONG,syllables/s,0–10 syllables/s,Whole utterance/prompt,family08-rate-1.0.0,family08_bamboo_reviewed_v1,,SOURCE_DEFINED_ID,DOCX FEATURE ID(S) exact ID,
F08,Speech and articulation rate,48,Speaking rate,speaking_rate_words_min,IMPLEMENTED,True,timing,REVIEWED_SEGMENTATION,PROMPT_COUNT,recommended: Bamboo Passage,STRONG,words/min,≥0 words/min,Whole utterance/prompt,family08-rate-1.0.0,family08_bamboo_reviewed_v1,,SOURCE_DEFINED_ID,DOCX FEATURE ID(S) exact ID,
F12,Spectral and cepstral descriptors,70,"Spectral moments (M1-M4: mean, standard deviation, skewness, kurtosis)",spec_m1_hz,IMPLEMENTED,True,spectrum,REVIEWED_SEGMENTATION,NONE,recommended: WSTG,LIMITED,Hz,—,Frames,family12-spectral-1.0.0,family12_spectral_48k_v1,,SOURCE_DEFINED_ID,DOCX FEATURE ID(S) exact ID,
F12,Spectral and cepstral descriptors,70,"Spectral moments (M1-M4: mean, standard deviation, skewness, kurtosis)",spec_m2_hz,IMPLEMENTED,True,spectrum,REVIEWED_SEGMENTATION,NONE,recommended: WSTG,LIMITED,Hz,—,Frames,family12-spectral-1.0.0,family12_spectral_48k_v1,,SOURCE_DEFINED_ID,DOCX FEATURE ID(S) exact ID,
F12,Spectral and cepstral descriptors,70,"Spectral moments (M1-M4: mean, standard deviation, skewness, kurtosis)",spec_m3_skew,IMPLEMENTED,True,spectrum,REVIEWED_SEGMENTATION,NONE,recommended: WSTG,LIMITED,dimensionless,—,Frames,family12-spectral-1.0.0,family12_spectral_48k_v1,,SOURCE_DEFINED_ID,DOCX FEATURE ID(S) exact ID,
F12,Spectral and cepstral descriptors,70,"Spectral moments (M1-M4: mean, standard deviation, skewness, kurtosis)",spec_m4_kurtosis,IMPLEMENTED,True,spectrum,REVIEWED_SEGMENTATION,NONE,recommended: WSTG,LIMITED,dimensionless,—,Frames,family12-spectral-1.0.0,family12_spectral_48k_v1,,SOURCE_DEFINED_ID,DOCX FEATURE ID(S) exact ID,
F12,Spectral and cepstral descriptors,66,Spectral bandwidth,spectral_bandwidth_p2_mean_hz,IMPLEMENTED,True,spectrum,REVIEWED_SEGMENTATION,NONE,"recommended: Sustained /a/, WSTG",NOT ESTABLISHED,Hz,—,Frames,family12-spectral-1.0.0,family12_spectral_48k_v1,,SOURCE_DEFINED_ID,DOCX FEATURE ID(S) exact ID,
F12,Spectral and cepstral descriptors,66,Spectral bandwidth,spectral_bandwidth_p2_median_hz,IMPLEMENTED,True,spectrum,REVIEWED_SEGMENTATION,NONE,"recommended: Sustained /a/, WSTG",NOT ESTABLISHED,Hz,—,Frames,family12-spectral-1.0.0,family12_spectral_48k_v1,,SOURCE_DEFINED_ID,DOCX FEATURE ID(S) exact ID,
F12,Spectral and cepstral descriptors,71,"Spectral shape descriptors (centroid, spread, skewness, kurtosis, slope, flux, crest, flatness)",spectral_centroid_hz,IMPLEMENTED,True,spectrum,REVIEWED_SEGMENTATION,NONE,recommended: Bamboo Passage,LIMITED,Hz,—,Frames,family12-spectral-1.0.0,family12_spectral_48k_v1,,SOURCE_DEFINED_ID,DOCX FEATURE ID(S) exact ID,
F12,Spectral and cepstral descriptors,67,Spectral contrast (peak-valley band energy contrast),spectral_contrast_band0_db,IMPLEMENTED,True,spectrum,REVIEWED_SEGMENTATION,NONE,recommended: Sustained /a/,NOT ESTABLISHED,dB,—,Frames,family12-spectral-1.0.0,family12_spectral_48k_v1,,SOURCE_DEFINED_ID,Deterministic coefficient/band expansion of DOCX FEATURE ID(S) range,
F12,Spectral and cepstral descriptors,67,Spectral contrast (peak-valley band energy contrast),spectral_contrast_band1_db,IMPLEMENTED,True,spectrum,REVIEWED_SEGMENTATION,NONE,recommended: Sustained /a/,NOT ESTABLISHED,dB,—,Frames,family12-spectral-1.0.0,family12_spectral_48k_v1,,SOURCE_DEFINED_ID,Deterministic coefficient/band expansion of DOCX FEATURE ID(S) range,
F12,Spectral and cepstral descriptors,67,Spectral contrast (peak-valley band energy contrast),spectral_contrast_band2_db,IMPLEMENTED,True,spectrum,REVIEWED_SEGMENTATION,NONE,recommended: Sustained /a/,NOT ESTABLISHED,dB,—,Frames,family12-spectral-1.0.0,family12_spectral_48k_v1,,SOURCE_DEFINED_ID,Deterministic coefficient/band expansion of DOCX FEATURE ID(S) range,
F12,Spectral and cepstral descriptors,67,Spectral contrast (peak-valley band energy contrast),spectral_contrast_band3_db,IMPLEMENTED,True,spectrum,REVIEWED_SEGMENTATION,NONE,recommended: Sustained /a/,NOT ESTABLISHED,dB,—,Frames,family12-spectral-1.0.0,family12_spectral_48k_v1,,SOURCE_DEFINED_ID,Deterministic coefficient/band expansion of DOCX FEATURE ID(S) range,
F12,Spectral and cepstral descriptors,67,Spectral contrast (peak-valley band energy contrast),spectral_contrast_band4_db,IMPLEMENTED,True,spectrum,REVIEWED_SEGMENTATION,NONE,recommended: Sustained /a/,NOT ESTABLISHED,dB,—,Frames,family12-spectral-1.0.0,family12_spectral_48k_v1,,SOURCE_DEFINED_ID,Deterministic coefficient/band expansion of DOCX FEATURE ID(S) range,
F12,Spectral and cepstral descriptors,67,Spectral contrast (peak-valley band energy contrast),spectral_contrast_band5_db,IMPLEMENTED,True,spectrum,REVIEWED_SEGMENTATION,NONE,recommended: Sustained /a/,NOT ESTABLISHED,dB,—,Frames,family12-spectral-1.0.0,family12_spectral_48k_v1,,SOURCE_DEFINED_ID,Deterministic coefficient/band expansion of DOCX FEATURE ID(S) range,
F12,Spectral and cepstral descriptors,67,Spectral contrast (peak-valley band energy contrast),spectral_contrast_band6_db,IMPLEMENTED,True,spectrum,REVIEWED_SEGMENTATION,NONE,recommended: Sustained /a/,NOT ESTABLISHED,dB,—,Frames,family12-spectral-1.0.0,family12_spectral_48k_v1,,SOURCE_DEFINED_ID,Deterministic coefficient/band expansion of DOCX FEATURE ID(S) range,
F12,Spectral and cepstral descriptors,71,"Spectral shape descriptors (centroid, spread, skewness, kurtosis, slope, flux, crest, flatness)",spectral_crest,IMPLEMENTED,True,spectrum,REVIEWED_SEGMENTATION,NONE,recommended: Bamboo Passage,LIMITED,dimensionless,—,Frames,family12-spectral-1.0.0,family12_spectral_48k_v1,,SOURCE_DEFINED_ID,DOCX FEATURE ID(S) exact ID,
F12,Spectral and cepstral descriptors,71,"Spectral shape descriptors (centroid, spread, skewness, kurtosis, slope, flux, crest, flatness)",spectral_flatness,IMPLEMENTED,True,spectrum,REVIEWED_SEGMENTATION,NONE,recommended: Bamboo Passage,LIMITED,dimensionless,—,Frames,family12-spectral-1.0.0,family12_spectral_48k_v1,,SOURCE_DEFINED_ID,DOCX FEATURE ID(S) exact ID,
F12,Spectral and cepstral descriptors,71,"Spectral shape descriptors (centroid, spread, skewness, kurtosis, slope, flux, crest, flatness)",spectral_flux,IMPLEMENTED,True,spectrum,REVIEWED_SEGMENTATION,NONE,recommended: Bamboo Passage,LIMITED,dimensionless,—,Frames,family12-spectral-1.0.0,family12_spectral_48k_v1,,SOURCE_DEFINED_ID,DOCX FEATURE ID(S) exact ID,
F12,Spectral and cepstral descriptors,71,"Spectral shape descriptors (centroid, spread, skewness, kurtosis, slope, flux, crest, flatness)",spectral_kurtosis,IMPLEMENTED,True,spectrum,REVIEWED_SEGMENTATION,NONE,recommended: Bamboo Passage,LIMITED,dimensionless,—,Frames,family12-spectral-1.0.0,family12_spectral_48k_v1,,SOURCE_DEFINED_ID,DOCX FEATURE ID(S) exact ID,
F12,Spectral and cepstral descriptors,71,"Spectral shape descriptors (centroid, spread, skewness, kurtosis, slope, flux, crest, flatness)",spectral_skew,IMPLEMENTED,True,spectrum,REVIEWED_SEGMENTATION,NONE,recommended: Bamboo Passage,LIMITED,dimensionless,—,Frames,family12-spectral-1.0.0,family12_spectral_48k_v1,,SOURCE_DEFINED_ID,DOCX FEATURE ID(S) exact ID,
F12,Spectral and cepstral descriptors,71,"Spectral shape descriptors (centroid, spread, skewness, kurtosis, slope, flux, crest, flatness)",spectral_slope_db_khz,IMPLEMENTED,True,spectrum,REVIEWED_SEGMENTATION,NONE,recommended: Bamboo Passage,LIMITED,dB/kHz,—,Frames,family12-spectral-1.0.0,family12_spectral_48k_v1,,SOURCE_DEFINED_ID,DOCX FEATURE ID(S) exact ID,
F12,Spectral and cepstral descriptors,71,"Spectral shape descriptors (centroid, spread, skewness, kurtosis, slope, flux, crest, flatness)",spectral_spread_hz,IMPLEMENTED,True,spectrum,REVIEWED_SEGMENTATION,NONE,recommended: Bamboo Passage,LIMITED,Hz,—,Frames,family12-spectral-1.0.0,family12_spectral_48k_v1,,SOURCE_DEFINED_ID,DOCX FEATURE ID(S) exact ID,
F07,Segment duration and temporal variability,44,Speech duration,speech_time_s,IMPLEMENTED,True,timing,REVIEWED_SEGMENTATION,NONE,recommended: Bamboo Passage,LIMITED,s,0–600 s,Reviewed timing events,family07-reviewed-duration-1.0.0,family07_reviewed_timing_v1,,SOURCE_DEFINED_ID,DOCX FEATURE ID(S) exact ID,
F06,Segmental articulatory / phonetic contrasts,42,Spectral tilt (stop burst),stop_burst_spectral_tilt_db_khz,IMPLEMENTED,True,segmental,ACOUSTIC_SUBEVENT_ANNOTATION,SEGMENTAL_TARGET,,NOT ESTABLISHED,dB/kHz,−100–+100,Annotated stop bursts / recording,family06-aligned-subevents-1.0.0,family06_native_subevents_v1,,SOURCE_DEFINED_ID,DOCX FEATURE ID(S) exact ID,
F07,Segment duration and temporal variability,45,Total speech duration,task_elapsed_duration_s,IMPLEMENTED,True,timing,REVIEWED_SEGMENTATION,NONE,recommended: Bamboo Passage,NOT ESTABLISHED,s,0–600 s,Whole reviewed task,family07-reviewed-duration-1.0.0,family07_reviewed_timing_v1,,SOURCE_DEFINED_ID,DOCX FEATURE ID(S) exact ID,
F09,Pause and phrasing,50,Pause duration,total_pause_duration_s,IMPLEMENTED,True,timing,REVIEWED_SEGMENTATION,NONE,recommended: Bamboo Passage,MODERATE,s,No universal bound,Pause events,family09-pause-1.0.0,family09_bamboo_reviewed_v1,,SOURCE_DEFINED_ID,DOCX FEATURE ID(S) exact ID,
F04,Formant and vowel-space measures,27,Vowel articulation index (VAI),vai_iau,IMPLEMENTED,True,formants,ALIGNMENT,VOWEL_CATEGORY,recommended: Bamboo Passage,MODERATE,dimensionless,—,Recording,family04-parselmouth-burg-1.0.0,family04_burg_native_5500_v1,,SOURCE_DEFINED_ID,DOCX FEATURE ID(S) exact ID,
F07,Segment duration and temporal variability,47,"Vowel duration variability indices (deltaV, VarcoV, nPVI-V)",varco_v_pct,IMPLEMENTED,True,timing,ALIGNMENT,NONE,recommended: Bamboo Passage,LIMITED,%,0–300%,Aligned vowel sequence,family07-reviewed-duration-1.0.0,family07_alignment_tokens_v1,,SOURCE_DEFINED_ID,DOCX FEATURE ID(S) exact ID,
F11,Intensity and amplitude,63,Acoustic amplitude-dynamics marker (visibility-graph density),visibility_graph_density_amp,IMPLEMENTED,True,spectrum,REVIEWED_SEGMENTATION,NONE,recommended: Bamboo Passage,LIMITED,dimensionless,—,50 ms non-overlapping local-SD windows,family11-digital-amplitude-1.0.0,family11_amplitude_native_v1,,SOURCE_DEFINED_ID,DOCX FEATURE ID(S) exact ID,
F04,Formant and vowel-space measures,32,"Vowel dispersion measures (mean, front, back, corner, global)",vowel_dispersion_<variant>_hz,UNRESOLVED_TEMPLATE,False,formants,ALIGNMENT,OTHER,recommended: Bamboo Passage,LIMITED,Hz,0–3200*,Speech · Segments,multi-vowel F1/F2 centroids → dispersion,—,"Vowel inventory, dispersion variant, aggregation and concrete ID not frozen.",PROJECT_TEMPLATE,DOCX FEATURE ID(S) template; no frozen concrete public ID,
F04,Formant and vowel-space measures,30,Vowel F1/F2 Euclidean distance,vowel_distance_<x>_<y>_hz,UNRESOLVED_TEMPLATE,False,formants,ALIGNMENT,OTHER,conditional: Bamboo Passage,LIMITED,Hz,0–3200*,Speech · Segments,two vowel F1/F2 centroids → Euclidean,—,"Vowel pair, task, coordinate scale and concrete ID not frozen.",PROJECT_TEMPLATE,DOCX FEATURE ID(S) template; no frozen concrete public ID,
F07,Segment duration and temporal variability,46,Vowel duration,vowel_duration_<phone>_s,UNRESOLVED_TEMPLATE,False,timing,ALIGNMENT,NONE,recommended: Bamboo Passage; conditional: WSTG,MODERATE,s,0.03–1.0 s,Aligned vowel tokens,family07-reviewed-duration-1.0.0,family07_alignment_tokens_v1,Target phone inventory and concrete ID not frozen.,PROJECT_TEMPLATE,DOCX FEATURE ID(S) template; no frozen concrete public ID,
F04,Formant and vowel-space measures,28,Vowel spectral-envelope distance (/a/-/i/),vowel_envelope_distance_ai_source,NOT_IMPLEMENTED,False,formants,ALIGNMENT,VOWEL_CATEGORY,,MODERATE,source dependent,—,Matched vowel pair,family04-parselmouth-burg-1.0.0,family04_burg_native_5500_v1,"Source-equivalent pitch-synchronous envelope, frequency grid, normalization and distance are not frozen.",SOURCE_DEFINED_ID,DOCX FEATURE ID(S) exact ID,SOURCE_PACKAGE_PARITY_UNAVAILABLE
F04,Formant and vowel-space measures,23,Vowel space area (VSA),vsa3_iau_hz2,IMPLEMENTED,True,formants,ALIGNMENT,VOWEL_CATEGORY,recommended: Bamboo Passage,MODERATE,Hz²,≥0 Hz²,Recording,family04-parselmouth-burg-1.0.0,family04_burg_native_5500_v1,,SOURCE_DEFINED_ID,DOCX FEATURE ID(S) exact ID,
F11,Intensity and amplitude,62,"Waveform amplitude distribution moments (skewness, kurtosis)",wave_amp_excess_kurtosis,IMPLEMENTED,True,spectrum,REVIEWED_SEGMENTATION,NONE,recommended: Sustained /a/,NOT ESTABLISHED,dimensionless,—,Waveform samples,family11-digital-amplitude-1.0.0,family11_amplitude_native_v1,,SOURCE_DEFINED_ID,DOCX FEATURE ID(S) exact ID,
F11,Intensity and amplitude,62,"Waveform amplitude distribution moments (skewness, kurtosis)",wave_amp_skew,IMPLEMENTED,True,spectrum,REVIEWED_SEGMENTATION,NONE,recommended: Sustained /a/,NOT ESTABLISHED,dimensionless,—,Waveform samples,family11-digital-amplitude-1.0.0,family11_amplitude_native_v1,,SOURCE_DEFINED_ID,DOCX FEATURE ID(S) exact ID,
F13,"Nonlinear complexity, rhythm and regularity composites",75,Wavelet sub-band energy (multi-resolution),wavelet_energy_<wavelet>_L<level>_<node>,UNRESOLVED_TEMPLATE,False,,OTHER,OTHER,"source only: Sustained /a/ or another fixed task, but wavelet family/level and task must be encoded in the ID",NOT ESTABLISHED,squared-coefficient energy / arbitrary units,No universal bound or implementation-dependent.,Short-time frames or transform-specific analysis windows over the task region defined by the source algorithm.,PyWavelets sub-band coefficients → energy,—,"Wavelet, level, node, boundary mode, normalized versus absolute energy, analysis region and aggregation are not frozen.",PROJECT_TEMPLATE,DOCX text-box FEATURE ID(S) template; no frozen concrete public ID,
F06,Segmental articulatory / phonetic contrasts,41,Wideband noise energy,wideband_noise_energy_0_10khz,IMPLEMENTED,True,segmental,ACOUSTIC_SUBEVENT_ANNOTATION,SEGMENTAL_TARGET,,LIMITED,digital amplitude²·samples,N/A,Annotated noise events / recording,family06-aligned-subevents-1.0.0,family06_native_subevents_v1,,SOURCE_DEFINED_ID,DOCX FEATURE ID(S) exact ID,
F13,"Nonlinear complexity, rhythm and regularity composites",74,Spectral entropy marker (WPD Shannon entropy),wpd_shannon_entropy_<wavelet>_L<level>,UNRESOLVED_TEMPLATE,False,,OTHER,OTHER,source only: Task-specific; split PSD spectral entropy and WPD entropy into separate outputs,NOT ESTABLISHED,dimensionless; bits if unnormalized base-2 entropy,No universal bound or implementation-dependent.,Short-time frames or transform-specific analysis windows over the task region defined by the source algorithm.,wavelet packet / PSD entropy · split variants,—,"WPD wavelet, level, extension, node selection, energy normalization and log base; PSD estimator, frequency range, framing, normalization and aggregation.",PROJECT_TEMPLATE,DOCX text-box FEATURE ID(S) template; no frozen concrete public ID,
F12,Spectral and cepstral descriptors,69,Zero-crossing rate (ZCR),zcr_mean_fraction,IMPLEMENTED,True,spectrum,REVIEWED_SEGMENTATION,NONE,recommended: Sustained /a/,NOT ESTABLISHED,fraction,0–1,Frames,family12-spectral-1.0.0,family12_spectral_48k_v1,,SOURCE_DEFINED_ID,DOCX FEATURE ID(S) exact ID,
F12,Spectral and cepstral descriptors,69,Zero-crossing rate (ZCR),zcr_median_fraction,IMPLEMENTED,True,spectrum,REVIEWED_SEGMENTATION,NONE,recommended: Sustained /a/,NOT ESTABLISHED,fraction,0–1,Frames,family12-spectral-1.0.0,family12_spectral_48k_v1,,SOURCE_DEFINED_ID,DOCX FEATURE ID(S) exact ID,
