feature,modality,family,meaning,unit,formula,computation_note,task_scope,aggregation,required_inputs,normalization,evidence_tier,implementation_status,interpretation,source_document,source_location,source_function
path_vert_med,kinematic,Vertical lip/jaw displacement,Vertical-opening cumulative path — median,ICD (cumulative),median or IQR across movements of sum(|x[i]-x[i-1]|),"Cumulative path of lower-lip vertical movement, median across reps (integration over frame index, dx=1).",repeated oral-motor task; whole-file fallback flagged,"movement-window robust percentiles: p05, median, p95, p95-p05; median and IQR across windows","0, 17, 13, 14",intercanthal-normalized coordinate layer; default GUI scale uses 133/362 with 33/263 fallback; legacy feature-map ratios also use 243/463 when available,B,implemented-legacy65,"Total vertical excursion travelled. HIGHER in symptomatic ALS (longer, more effortful movement; Bandini 2018).",Kinematic Feature Validation.xlsx,Main/Summary; mapped by feature family,legacy_65_vertical_path_from_aperture
path_vert_iqr,kinematic,Vertical lip/jaw displacement,Vertical-opening cumulative path — inter-rep IQR,ICD,median or IQR across movements of sum(|x[i]-x[i-1]|),IQR across reps of vertical cumulative path.,repeated oral-motor task; whole-file fallback flagged,"movement-window robust percentiles: p05, median, p95, p95-p05; median and IQR across windows","0, 17, 13, 14",intercanthal-normalized coordinate layer; default GUI scale uses 133/362 with 33/263 fallback; legacy feature-map ratios also use 243/463 when available,C,implemented-legacy65,Consistency of vertical excursion across repetitions; rises with movement variability.,Kinematic Feature Validation.xlsx,Main/Summary; mapped by feature family,legacy_65_vertical_path_from_aperture
rom_vert_med,kinematic,Vertical lip/jaw displacement,Vertical range of motion — median,ICD,median or IQR across movements of P95(x)-P05(x),"Range of normalized vertical lip-opening position (P95-P5), median across reps.",repeated oral-motor task; whole-file fallback flagged,"movement-window robust percentiles: p05, median, p95, p95-p05; median and IQR across windows","0, 17, 13, 14",intercanthal-normalized coordinate layer; default GUI scale uses 133/362 with 33/263 fallback; legacy feature-map ratios also use 243/463 when available,B,implemented-legacy65,"Mouth-opening amplitude. May REDUCE (lip) or INCREASE (compensatory jaw) in ALS — direction is informative, not fixed.",Kinematic Feature Validation.xlsx,Main/Summary; mapped by feature family,legacy_65_vertical_range_from_aperture
rom_vert_iqr,kinematic,Vertical lip/jaw displacement,Vertical range of motion — inter-rep IQR,ICD,median or IQR across movements of P95(x)-P05(x),IQR across reps of vertical ROM.,repeated oral-motor task; whole-file fallback flagged,"movement-window robust percentiles: p05, median, p95, p95-p05; median and IQR across windows","0, 17, 13, 14",intercanthal-normalized coordinate layer; default GUI scale uses 133/362 with 33/263 fallback; legacy feature-map ratios also use 243/463 when available,C,implemented-legacy65,Trial-to-trial consistency of opening amplitude; rises with incoordination.,Kinematic Feature Validation.xlsx,Main/Summary; mapped by feature family,legacy_65_vertical_range_from_aperture
sLL_vert_prc_5,kinematic,Vertical lip/jaw displacement,Vertical lip-opening speed — 5th-pct level,ICD/s,requested summary of |dx/dt|; derivative uses timestamps,sLL_vert =,repeated oral-motor task; whole-file fallback flagged,"movement-window robust percentiles: p05, median, p95, p95-p05; median and IQR across windows","0, 17, 13, 14",intercanthal-normalized coordinate layer; default GUI scale uses 133/362 with 33/263 fallback; legacy feature-map ratios also use 243/463 when available,B,implemented-legacy65,Speed of vertical lip/jaw opening. SLOWS with bulbar decline (reduced velocity; Bandini/Yunusova) (5th-pct level: movement amplitude/level).,Kinematic Feature Validation.xlsx,Main/Summary; mapped by feature family,legacy_65_vertical_speed_from_aperture_gradient
sLL_vert_med,kinematic,Vertical lip/jaw displacement,Vertical lip-opening speed — median level,ICD/s,requested summary of |dx/dt|; derivative uses timestamps,sLL_vert =,repeated oral-motor task; whole-file fallback flagged,"movement-window robust percentiles: p05, median, p95, p95-p05; median and IQR across windows","0, 17, 13, 14",intercanthal-normalized coordinate layer; default GUI scale uses 133/362 with 33/263 fallback; legacy feature-map ratios also use 243/463 when available,B,implemented-legacy65,Speed of vertical lip/jaw opening. SLOWS with bulbar decline (reduced velocity; Bandini/Yunusova) (median level: movement amplitude/level).,Kinematic Feature Validation.xlsx,Main/Summary; mapped by feature family,legacy_65_vertical_speed_from_aperture_gradient
sLL_vert_prc_95,kinematic,Vertical lip/jaw displacement,Vertical lip-opening speed — 95th-pct level,ICD/s,requested summary of |dx/dt|; derivative uses timestamps,sLL_vert =,repeated oral-motor task; whole-file fallback flagged,"movement-window robust percentiles: p05, median, p95, p95-p05; median and IQR across windows","0, 17, 13, 14",intercanthal-normalized coordinate layer; default GUI scale uses 133/362 with 33/263 fallback; legacy feature-map ratios also use 243/463 when available,B,implemented-legacy65,Speed of vertical lip/jaw opening. SLOWS with bulbar decline (reduced velocity; Bandini/Yunusova) (95th-pct level: movement amplitude/level).,Kinematic Feature Validation.xlsx,Main/Summary; mapped by feature family,legacy_65_vertical_speed_from_aperture_gradient
sLL_vert_prc_5_95,kinematic,Vertical lip/jaw displacement,Vertical lip-opening speed — within-rep range,ICD/s,requested summary of |dx/dt|; derivative uses timestamps,sLL_vert =,repeated oral-motor task; whole-file fallback flagged,"movement-window robust percentiles: p05, median, p95, p95-p05; median and IQR across windows","0, 17, 13, 14",intercanthal-normalized coordinate layer; default GUI scale uses 133/362 with 33/263 fallback; legacy feature-map ratios also use 243/463 when available,B,implemented-legacy65,Speed of vertical lip/jaw opening. SLOWS with bulbar decline (reduced velocity; Bandini/Yunusova) (within-rep range: movement amplitude/level).,Kinematic Feature Validation.xlsx,Main/Summary; mapped by feature family,legacy_65_vertical_speed_from_aperture_gradient
sLL_vert_prc_5_iqr,kinematic,Vertical lip/jaw displacement,Vertical lip-opening speed — P5 inter-rep IQR,ICD/s,requested summary of |dx/dt|; derivative uses timestamps,sLL_vert =,repeated oral-motor task; whole-file fallback flagged,"movement-window robust percentiles: p05, median, p95, p95-p05; median and IQR across windows","0, 17, 13, 14",intercanthal-normalized coordinate layer; default GUI scale uses 133/362 with 33/263 fallback; legacy feature-map ratios also use 243/463 when available,C,implemented-legacy65,Speed of vertical lip/jaw opening. SLOWS with bulbar decline (reduced velocity; Bandini/Yunusova) (P5 inter-rep IQR: inter-trial consistency).,Kinematic Feature Validation.xlsx,Main/Summary; mapped by feature family,legacy_65_vertical_speed_from_aperture_gradient
sLL_vert_med_iqr,kinematic,Vertical lip/jaw displacement,Vertical lip-opening speed — median inter-rep IQR,ICD/s,requested summary of |dx/dt|; derivative uses timestamps,sLL_vert =,repeated oral-motor task; whole-file fallback flagged,"movement-window robust percentiles: p05, median, p95, p95-p05; median and IQR across windows","0, 17, 13, 14",intercanthal-normalized coordinate layer; default GUI scale uses 133/362 with 33/263 fallback; legacy feature-map ratios also use 243/463 when available,C,implemented-legacy65,Speed of vertical lip/jaw opening. SLOWS with bulbar decline (reduced velocity; Bandini/Yunusova) (median inter-rep IQR: inter-trial consistency).,Kinematic Feature Validation.xlsx,Main/Summary; mapped by feature family,legacy_65_vertical_speed_from_aperture_gradient
sLL_vert_prc_95_iqr,kinematic,Vertical lip/jaw displacement,Vertical lip-opening speed — P95 inter-rep IQR,ICD/s,requested summary of |dx/dt|; derivative uses timestamps,sLL_vert =,repeated oral-motor task; whole-file fallback flagged,"movement-window robust percentiles: p05, median, p95, p95-p05; median and IQR across windows","0, 17, 13, 14",intercanthal-normalized coordinate layer; default GUI scale uses 133/362 with 33/263 fallback; legacy feature-map ratios also use 243/463 when available,C,implemented-legacy65,Speed of vertical lip/jaw opening. SLOWS with bulbar decline (reduced velocity; Bandini/Yunusova) (P95 inter-rep IQR: inter-trial consistency).,Kinematic Feature Validation.xlsx,Main/Summary; mapped by feature family,legacy_65_vertical_speed_from_aperture_gradient
sLL_vert_prc_5_95_iqr,kinematic,Vertical lip/jaw displacement,Vertical lip-opening speed — range inter-rep IQR,ICD/s,requested summary of |dx/dt|; derivative uses timestamps,sLL_vert =,repeated oral-motor task; whole-file fallback flagged,"movement-window robust percentiles: p05, median, p95, p95-p05; median and IQR across windows","0, 17, 13, 14",intercanthal-normalized coordinate layer; default GUI scale uses 133/362 with 33/263 fallback; legacy feature-map ratios also use 243/463 when available,C,implemented-legacy65,Speed of vertical lip/jaw opening. SLOWS with bulbar decline (reduced velocity; Bandini/Yunusova) (range inter-rep IQR: inter-trial consistency).,Kinematic Feature Validation.xlsx,Main/Summary; mapped by feature family,legacy_65_vertical_speed_from_aperture_gradient
aLL_vert_prc_5,kinematic,Vertical lip/jaw displacement,Vertical lip-opening acceleration — 5th-pct level,ICD/s^2,requested summary of |d2x/dt2|; derivative uses signed dx/dt,aLL_vert =,repeated oral-motor task; whole-file fallback flagged,"movement-window robust percentiles: p05, median, p95, p95-p05; median and IQR across windows","0, 17, 13, 14",intercanthal-normalized coordinate layer; default GUI scale uses 133/362 with 33/263 fallback; legacy feature-map ratios also use 243/463 when available,C,implemented-legacy65,Acceleration of vertical opening; peaks decline with bulbar progression. Noise-amplified by double differentiation — interpret cautiously (5th-pct level: movement amplitude/level).,Kinematic Feature Validation.xlsx,Main/Summary; mapped by feature family,legacy_65_vertical_acceleration_from_speed_gradient
aLL_vert_med,kinematic,Vertical lip/jaw displacement,Vertical lip-opening acceleration — median level,ICD/s^2,requested summary of |d2x/dt2|; derivative uses signed dx/dt,aLL_vert =,repeated oral-motor task; whole-file fallback flagged,"movement-window robust percentiles: p05, median, p95, p95-p05; median and IQR across windows","0, 17, 13, 14",intercanthal-normalized coordinate layer; default GUI scale uses 133/362 with 33/263 fallback; legacy feature-map ratios also use 243/463 when available,C,implemented-legacy65,Acceleration of vertical opening; peaks decline with bulbar progression. Noise-amplified by double differentiation — interpret cautiously (median level: movement amplitude/level).,Kinematic Feature Validation.xlsx,Main/Summary; mapped by feature family,legacy_65_vertical_acceleration_from_speed_gradient
aLL_vert_prc_95,kinematic,Vertical lip/jaw displacement,Vertical lip-opening acceleration — 95th-pct level,ICD/s^2,requested summary of |d2x/dt2|; derivative uses signed dx/dt,aLL_vert =,repeated oral-motor task; whole-file fallback flagged,"movement-window robust percentiles: p05, median, p95, p95-p05; median and IQR across windows","0, 17, 13, 14",intercanthal-normalized coordinate layer; default GUI scale uses 133/362 with 33/263 fallback; legacy feature-map ratios also use 243/463 when available,C,implemented-legacy65,Acceleration of vertical opening; peaks decline with bulbar progression. Noise-amplified by double differentiation — interpret cautiously (95th-pct level: movement amplitude/level).,Kinematic Feature Validation.xlsx,Main/Summary; mapped by feature family,legacy_65_vertical_acceleration_from_speed_gradient
aLL_vert_prc_5_95,kinematic,Vertical lip/jaw displacement,Vertical lip-opening acceleration — within-rep range,ICD/s^2,requested summary of |d2x/dt2|; derivative uses signed dx/dt,aLL_vert =,repeated oral-motor task; whole-file fallback flagged,"movement-window robust percentiles: p05, median, p95, p95-p05; median and IQR across windows","0, 17, 13, 14",intercanthal-normalized coordinate layer; default GUI scale uses 133/362 with 33/263 fallback; legacy feature-map ratios also use 243/463 when available,C,implemented-legacy65,Acceleration of vertical opening; peaks decline with bulbar progression. Noise-amplified by double differentiation — interpret cautiously (within-rep range: movement amplitude/level).,Kinematic Feature Validation.xlsx,Main/Summary; mapped by feature family,legacy_65_vertical_acceleration_from_speed_gradient
aLL_vert_prc_5_iqr,kinematic,Vertical lip/jaw displacement,Vertical lip-opening acceleration — P5 inter-rep IQR,ICD/s^2,requested summary of |d2x/dt2|; derivative uses signed dx/dt,aLL_vert =,repeated oral-motor task; whole-file fallback flagged,"movement-window robust percentiles: p05, median, p95, p95-p05; median and IQR across windows","0, 17, 13, 14",intercanthal-normalized coordinate layer; default GUI scale uses 133/362 with 33/263 fallback; legacy feature-map ratios also use 243/463 when available,C,implemented-legacy65,Acceleration of vertical opening; peaks decline with bulbar progression. Noise-amplified by double differentiation — interpret cautiously (P5 inter-rep IQR: inter-trial consistency).,Kinematic Feature Validation.xlsx,Main/Summary; mapped by feature family,legacy_65_vertical_acceleration_from_speed_gradient
aLL_vert_med_iqr,kinematic,Vertical lip/jaw displacement,Vertical lip-opening acceleration — median inter-rep IQR,ICD/s^2,requested summary of |d2x/dt2|; derivative uses signed dx/dt,aLL_vert =,repeated oral-motor task; whole-file fallback flagged,"movement-window robust percentiles: p05, median, p95, p95-p05; median and IQR across windows","0, 17, 13, 14",intercanthal-normalized coordinate layer; default GUI scale uses 133/362 with 33/263 fallback; legacy feature-map ratios also use 243/463 when available,C,implemented-legacy65,Acceleration of vertical opening; peaks decline with bulbar progression. Noise-amplified by double differentiation — interpret cautiously (median inter-rep IQR: inter-trial consistency).,Kinematic Feature Validation.xlsx,Main/Summary; mapped by feature family,legacy_65_vertical_acceleration_from_speed_gradient
aLL_vert_prc_95_iqr,kinematic,Vertical lip/jaw displacement,Vertical lip-opening acceleration — P95 inter-rep IQR,ICD/s^2,requested summary of |d2x/dt2|; derivative uses signed dx/dt,aLL_vert =,repeated oral-motor task; whole-file fallback flagged,"movement-window robust percentiles: p05, median, p95, p95-p05; median and IQR across windows","0, 17, 13, 14",intercanthal-normalized coordinate layer; default GUI scale uses 133/362 with 33/263 fallback; legacy feature-map ratios also use 243/463 when available,C,implemented-legacy65,Acceleration of vertical opening; peaks decline with bulbar progression. Noise-amplified by double differentiation — interpret cautiously (P95 inter-rep IQR: inter-trial consistency).,Kinematic Feature Validation.xlsx,Main/Summary; mapped by feature family,legacy_65_vertical_acceleration_from_speed_gradient
aLL_vert_prc_5_95_iqr,kinematic,Vertical lip/jaw displacement,Vertical lip-opening acceleration — range inter-rep IQR,ICD/s^2,requested summary of |d2x/dt2|; derivative uses signed dx/dt,aLL_vert =,repeated oral-motor task; whole-file fallback flagged,"movement-window robust percentiles: p05, median, p95, p95-p05; median and IQR across windows","0, 17, 13, 14",intercanthal-normalized coordinate layer; default GUI scale uses 133/362 with 33/263 fallback; legacy feature-map ratios also use 243/463 when available,C,implemented-legacy65,Acceleration of vertical opening; peaks decline with bulbar progression. Noise-amplified by double differentiation — interpret cautiously (range inter-rep IQR: inter-trial consistency).,Kinematic Feature Validation.xlsx,Main/Summary; mapped by feature family,legacy_65_vertical_acceleration_from_speed_gradient
path_horz_med,kinematic,Horizontal lip spread,Horizontal-spreading cumulative path — median,ICD (cumulative),median or IQR across movements of sum(|x[i]-x[i-1]|),"Cumulative path of lip-corner horizontal movement, median across reps.",repeated oral-motor task; whole-file fallback flagged,"movement-window robust percentiles: p05, median, p95, p95-p05; median and IQR across windows","61, 291",intercanthal-normalized coordinate layer; default GUI scale uses 133/362 with 33/263 fallback; legacy feature-map ratios also use 243/463 when available,B,implemented-legacy65,Total horizontal (spreading/retraction) excursion. HIGHER in symptomatic ALS.,Kinematic Feature Validation.xlsx,Main/Summary; mapped by feature family,legacy_65_horizontal_path_from_spread
path_horz_iqr,kinematic,Horizontal lip spread,Horizontal-spreading cumulative path — inter-rep IQR,ICD,median or IQR across movements of sum(|x[i]-x[i-1]|),IQR across reps of horizontal cumulative path.,repeated oral-motor task; whole-file fallback flagged,"movement-window robust percentiles: p05, median, p95, p95-p05; median and IQR across windows","61, 291",intercanthal-normalized coordinate layer; default GUI scale uses 133/362 with 33/263 fallback; legacy feature-map ratios also use 243/463 when available,C,implemented-legacy65,Consistency of horizontal excursion across reps.,Kinematic Feature Validation.xlsx,Main/Summary; mapped by feature family,legacy_65_horizontal_path_from_spread
rom_horz_med,kinematic,Horizontal lip spread,Horizontal range of motion — median,ICD,median or IQR across movements of P95(x)-P05(x),"Range of normalized lip-width (P95-P5), median across reps.",repeated oral-motor task; whole-file fallback flagged,"movement-window robust percentiles: p05, median, p95, p95-p05; median and IQR across windows","61, 291",intercanthal-normalized coordinate layer; default GUI scale uses 133/362 with 33/263 fallback; legacy feature-map ratios also use 243/463 when available,B,implemented-legacy65,"Lip spreading/retraction amplitude (e.g., /i/ vs /u/). Compressed range = reduced lingual-labial differentiation.",Kinematic Feature Validation.xlsx,Main/Summary; mapped by feature family,legacy_65_horizontal_range_from_spread
rom_horz_iqr,kinematic,Horizontal lip spread,Horizontal range of motion — inter-rep IQR,ICD,median or IQR across movements of P95(x)-P05(x),IQR across reps of horizontal ROM.,repeated oral-motor task; whole-file fallback flagged,"movement-window robust percentiles: p05, median, p95, p95-p05; median and IQR across windows","61, 291",intercanthal-normalized coordinate layer; default GUI scale uses 133/362 with 33/263 fallback; legacy feature-map ratios also use 243/463 when available,C,implemented-legacy65,Trial-to-trial consistency of spreading amplitude.,Kinematic Feature Validation.xlsx,Main/Summary; mapped by feature family,legacy_65_horizontal_range_from_spread
sLL_horz_prc_5,kinematic,Horizontal lip spread,Horizontal lip-spreading speed — 5th-pct level,ICD/s,requested summary of |dx/dt|; derivative uses timestamps,sLL_horz =,repeated oral-motor task; whole-file fallback flagged,"movement-window robust percentiles: p05, median, p95, p95-p05; median and IQR across windows","61, 291",intercanthal-normalized coordinate layer; default GUI scale uses 133/362 with 33/263 fallback; legacy feature-map ratios also use 243/463 when available,B,implemented-legacy65,Speed of lip spreading/retraction. Slows with bulbar decline (5th-pct level: movement amplitude/level).,Kinematic Feature Validation.xlsx,Main/Summary; mapped by feature family,legacy_65_horizontal_speed_from_spread_gradient
sLL_horz_med,kinematic,Horizontal lip spread,Horizontal lip-spreading speed — median level,ICD/s,requested summary of |dx/dt|; derivative uses timestamps,sLL_horz =,repeated oral-motor task; whole-file fallback flagged,"movement-window robust percentiles: p05, median, p95, p95-p05; median and IQR across windows","61, 291",intercanthal-normalized coordinate layer; default GUI scale uses 133/362 with 33/263 fallback; legacy feature-map ratios also use 243/463 when available,B,implemented-legacy65,Speed of lip spreading/retraction. Slows with bulbar decline (median level: movement amplitude/level).,Kinematic Feature Validation.xlsx,Main/Summary; mapped by feature family,legacy_65_horizontal_speed_from_spread_gradient
sLL_horz_prc_95,kinematic,Horizontal lip spread,Horizontal lip-spreading speed — 95th-pct level,ICD/s,requested summary of |dx/dt|; derivative uses timestamps,sLL_horz =,repeated oral-motor task; whole-file fallback flagged,"movement-window robust percentiles: p05, median, p95, p95-p05; median and IQR across windows","61, 291",intercanthal-normalized coordinate layer; default GUI scale uses 133/362 with 33/263 fallback; legacy feature-map ratios also use 243/463 when available,B,implemented-legacy65,Speed of lip spreading/retraction. Slows with bulbar decline (95th-pct level: movement amplitude/level).,Kinematic Feature Validation.xlsx,Main/Summary; mapped by feature family,legacy_65_horizontal_speed_from_spread_gradient
sLL_horz_prc_5_95,kinematic,Horizontal lip spread,Horizontal lip-spreading speed — within-rep range,ICD/s,requested summary of |dx/dt|; derivative uses timestamps,sLL_horz =,repeated oral-motor task; whole-file fallback flagged,"movement-window robust percentiles: p05, median, p95, p95-p05; median and IQR across windows","61, 291",intercanthal-normalized coordinate layer; default GUI scale uses 133/362 with 33/263 fallback; legacy feature-map ratios also use 243/463 when available,B,implemented-legacy65,Speed of lip spreading/retraction. Slows with bulbar decline (within-rep range: movement amplitude/level).,Kinematic Feature Validation.xlsx,Main/Summary; mapped by feature family,legacy_65_horizontal_speed_from_spread_gradient
sLL_horz_prc_5_iqr,kinematic,Horizontal lip spread,Horizontal lip-spreading speed — P5 inter-rep IQR,ICD/s,requested summary of |dx/dt|; derivative uses timestamps,sLL_horz =,repeated oral-motor task; whole-file fallback flagged,"movement-window robust percentiles: p05, median, p95, p95-p05; median and IQR across windows","61, 291",intercanthal-normalized coordinate layer; default GUI scale uses 133/362 with 33/263 fallback; legacy feature-map ratios also use 243/463 when available,C,implemented-legacy65,Speed of lip spreading/retraction. Slows with bulbar decline (P5 inter-rep IQR: inter-trial consistency).,Kinematic Feature Validation.xlsx,Main/Summary; mapped by feature family,legacy_65_horizontal_speed_from_spread_gradient
sLL_horz_med_iqr,kinematic,Horizontal lip spread,Horizontal lip-spreading speed — median inter-rep IQR,ICD/s,requested summary of |dx/dt|; derivative uses timestamps,sLL_horz =,repeated oral-motor task; whole-file fallback flagged,"movement-window robust percentiles: p05, median, p95, p95-p05; median and IQR across windows","61, 291",intercanthal-normalized coordinate layer; default GUI scale uses 133/362 with 33/263 fallback; legacy feature-map ratios also use 243/463 when available,C,implemented-legacy65,Speed of lip spreading/retraction. Slows with bulbar decline (median inter-rep IQR: inter-trial consistency).,Kinematic Feature Validation.xlsx,Main/Summary; mapped by feature family,legacy_65_horizontal_speed_from_spread_gradient
sLL_horz_prc_95_iqr,kinematic,Horizontal lip spread,Horizontal lip-spreading speed — P95 inter-rep IQR,ICD/s,requested summary of |dx/dt|; derivative uses timestamps,sLL_horz =,repeated oral-motor task; whole-file fallback flagged,"movement-window robust percentiles: p05, median, p95, p95-p05; median and IQR across windows","61, 291",intercanthal-normalized coordinate layer; default GUI scale uses 133/362 with 33/263 fallback; legacy feature-map ratios also use 243/463 when available,C,implemented-legacy65,Speed of lip spreading/retraction. Slows with bulbar decline (P95 inter-rep IQR: inter-trial consistency).,Kinematic Feature Validation.xlsx,Main/Summary; mapped by feature family,legacy_65_horizontal_speed_from_spread_gradient
sLL_horz_prc_5_95_iqr,kinematic,Horizontal lip spread,Horizontal lip-spreading speed — range inter-rep IQR,ICD/s,requested summary of |dx/dt|; derivative uses timestamps,sLL_horz =,repeated oral-motor task; whole-file fallback flagged,"movement-window robust percentiles: p05, median, p95, p95-p05; median and IQR across windows","61, 291",intercanthal-normalized coordinate layer; default GUI scale uses 133/362 with 33/263 fallback; legacy feature-map ratios also use 243/463 when available,C,implemented-legacy65,Speed of lip spreading/retraction. Slows with bulbar decline (range inter-rep IQR: inter-trial consistency).,Kinematic Feature Validation.xlsx,Main/Summary; mapped by feature family,legacy_65_horizontal_speed_from_spread_gradient
aLL_horz_prc_5,kinematic,Horizontal lip spread,Horizontal lip-spreading acceleration — 5th-pct level,ICD/s^2,requested summary of |d2x/dt2|; derivative uses signed dx/dt,aLL_horz =,repeated oral-motor task; whole-file fallback flagged,"movement-window robust percentiles: p05, median, p95, p95-p05; median and IQR across windows","61, 291",intercanthal-normalized coordinate layer; default GUI scale uses 133/362 with 33/263 fallback; legacy feature-map ratios also use 243/463 when available,C,implemented-legacy65,Acceleration of spreading; noise-amplified by double differentiation (5th-pct level: movement amplitude/level).,Kinematic Feature Validation.xlsx,Main/Summary; mapped by feature family,legacy_65_horizontal_acceleration_from_speed_gradient
aLL_horz_med,kinematic,Horizontal lip spread,Horizontal lip-spreading acceleration — median level,ICD/s^2,requested summary of |d2x/dt2|; derivative uses signed dx/dt,aLL_horz =,repeated oral-motor task; whole-file fallback flagged,"movement-window robust percentiles: p05, median, p95, p95-p05; median and IQR across windows","61, 291",intercanthal-normalized coordinate layer; default GUI scale uses 133/362 with 33/263 fallback; legacy feature-map ratios also use 243/463 when available,C,implemented-legacy65,Acceleration of spreading; noise-amplified by double differentiation (median level: movement amplitude/level).,Kinematic Feature Validation.xlsx,Main/Summary; mapped by feature family,legacy_65_horizontal_acceleration_from_speed_gradient
aLL_horz_prc_95,kinematic,Horizontal lip spread,Horizontal lip-spreading acceleration — 95th-pct level,ICD/s^2,requested summary of |d2x/dt2|; derivative uses signed dx/dt,aLL_horz =,repeated oral-motor task; whole-file fallback flagged,"movement-window robust percentiles: p05, median, p95, p95-p05; median and IQR across windows","61, 291",intercanthal-normalized coordinate layer; default GUI scale uses 133/362 with 33/263 fallback; legacy feature-map ratios also use 243/463 when available,C,implemented-legacy65,Acceleration of spreading; noise-amplified by double differentiation (95th-pct level: movement amplitude/level).,Kinematic Feature Validation.xlsx,Main/Summary; mapped by feature family,legacy_65_horizontal_acceleration_from_speed_gradient
aLL_horz_prc_5_95,kinematic,Horizontal lip spread,Horizontal lip-spreading acceleration — within-rep range,ICD/s^2,requested summary of |d2x/dt2|; derivative uses signed dx/dt,aLL_horz =,repeated oral-motor task; whole-file fallback flagged,"movement-window robust percentiles: p05, median, p95, p95-p05; median and IQR across windows","61, 291",intercanthal-normalized coordinate layer; default GUI scale uses 133/362 with 33/263 fallback; legacy feature-map ratios also use 243/463 when available,C,implemented-legacy65,Acceleration of spreading; noise-amplified by double differentiation (within-rep range: movement amplitude/level).,Kinematic Feature Validation.xlsx,Main/Summary; mapped by feature family,legacy_65_horizontal_acceleration_from_speed_gradient
aLL_horz_prc_5_iqr,kinematic,Horizontal lip spread,Horizontal lip-spreading acceleration — P5 inter-rep IQR,ICD/s^2,requested summary of |d2x/dt2|; derivative uses signed dx/dt,aLL_horz =,repeated oral-motor task; whole-file fallback flagged,"movement-window robust percentiles: p05, median, p95, p95-p05; median and IQR across windows","61, 291",intercanthal-normalized coordinate layer; default GUI scale uses 133/362 with 33/263 fallback; legacy feature-map ratios also use 243/463 when available,C,implemented-legacy65,Acceleration of spreading; noise-amplified by double differentiation (P5 inter-rep IQR: inter-trial consistency).,Kinematic Feature Validation.xlsx,Main/Summary; mapped by feature family,legacy_65_horizontal_acceleration_from_speed_gradient
aLL_horz_med_iqr,kinematic,Horizontal lip spread,Horizontal lip-spreading acceleration — median inter-rep IQR,ICD/s^2,requested summary of |d2x/dt2|; derivative uses signed dx/dt,aLL_horz =,repeated oral-motor task; whole-file fallback flagged,"movement-window robust percentiles: p05, median, p95, p95-p05; median and IQR across windows","61, 291",intercanthal-normalized coordinate layer; default GUI scale uses 133/362 with 33/263 fallback; legacy feature-map ratios also use 243/463 when available,C,implemented-legacy65,Acceleration of spreading; noise-amplified by double differentiation (median inter-rep IQR: inter-trial consistency).,Kinematic Feature Validation.xlsx,Main/Summary; mapped by feature family,legacy_65_horizontal_acceleration_from_speed_gradient
aLL_horz_prc_95_iqr,kinematic,Horizontal lip spread,Horizontal lip-spreading acceleration — P95 inter-rep IQR,ICD/s^2,requested summary of |d2x/dt2|; derivative uses signed dx/dt,aLL_horz =,repeated oral-motor task; whole-file fallback flagged,"movement-window robust percentiles: p05, median, p95, p95-p05; median and IQR across windows","61, 291",intercanthal-normalized coordinate layer; default GUI scale uses 133/362 with 33/263 fallback; legacy feature-map ratios also use 243/463 when available,C,implemented-legacy65,Acceleration of spreading; noise-amplified by double differentiation (P95 inter-rep IQR: inter-trial consistency).,Kinematic Feature Validation.xlsx,Main/Summary; mapped by feature family,legacy_65_horizontal_acceleration_from_speed_gradient
aLL_horz_prc_5_95_iqr,kinematic,Horizontal lip spread,Horizontal lip-spreading acceleration — range inter-rep IQR,ICD/s^2,requested summary of |d2x/dt2|; derivative uses signed dx/dt,aLL_horz =,repeated oral-motor task; whole-file fallback flagged,"movement-window robust percentiles: p05, median, p95, p95-p05; median and IQR across windows","61, 291",intercanthal-normalized coordinate layer; default GUI scale uses 133/362 with 33/263 fallback; legacy feature-map ratios also use 243/463 when available,C,implemented-legacy65,Acceleration of spreading; noise-amplified by double differentiation (range inter-rep IQR: inter-trial consistency).,Kinematic Feature Validation.xlsx,Main/Summary; mapped by feature family,legacy_65_horizontal_acceleration_from_speed_gradient
aspect_prc_5,kinematic,Lip aperture geometry,Lip aspect ratio (vert/horz) — 5th-pct level,dimensionless,requested summary of mouth_opening/lip_width,aspect = (,repeated oral-motor task; whole-file fallback flagged,"movement-window robust percentiles: p05, median, p95, p95-p05; median and IQR across windows","0, 17, 13, 14, 61, 291",intercanthal-normalized coordinate layer; default GUI scale uses 133/362 with 33/263 fallback; legacy feature-map ratios also use 243/463 when available,C,implemented-legacy65,Mouth configuration (tall vs wide). Tracks opening-vs-spreading balance; near-collinear with vertical opening (5th-pct level: movement amplitude/level).,Kinematic Feature Validation.xlsx,Main/Summary; mapped by feature family,legacy_65_aspect_ratio
aspect_med,kinematic,Lip aperture geometry,Lip aspect ratio (vert/horz) — median level,dimensionless,requested summary of mouth_opening/lip_width,aspect = (,repeated oral-motor task; whole-file fallback flagged,"movement-window robust percentiles: p05, median, p95, p95-p05; median and IQR across windows","0, 17, 13, 14, 61, 291",intercanthal-normalized coordinate layer; default GUI scale uses 133/362 with 33/263 fallback; legacy feature-map ratios also use 243/463 when available,C,implemented-legacy65,Mouth configuration (tall vs wide). Tracks opening-vs-spreading balance; near-collinear with vertical opening (median level: movement amplitude/level).,Kinematic Feature Validation.xlsx,Main/Summary; mapped by feature family,legacy_65_aspect_ratio
aspect_prc_95,kinematic,Lip aperture geometry,Lip aspect ratio (vert/horz) — 95th-pct level,dimensionless,requested summary of mouth_opening/lip_width,aspect = (,repeated oral-motor task; whole-file fallback flagged,"movement-window robust percentiles: p05, median, p95, p95-p05; median and IQR across windows","0, 17, 13, 14, 61, 291",intercanthal-normalized coordinate layer; default GUI scale uses 133/362 with 33/263 fallback; legacy feature-map ratios also use 243/463 when available,C,implemented-legacy65,Mouth configuration (tall vs wide). Tracks opening-vs-spreading balance; near-collinear with vertical opening (95th-pct level: movement amplitude/level).,Kinematic Feature Validation.xlsx,Main/Summary; mapped by feature family,legacy_65_aspect_ratio
aspect_prc_5_95,kinematic,Lip aperture geometry,Lip aspect ratio (vert/horz) — within-rep range,dimensionless,requested summary of mouth_opening/lip_width,aspect = (,repeated oral-motor task; whole-file fallback flagged,"movement-window robust percentiles: p05, median, p95, p95-p05; median and IQR across windows","0, 17, 13, 14, 61, 291",intercanthal-normalized coordinate layer; default GUI scale uses 133/362 with 33/263 fallback; legacy feature-map ratios also use 243/463 when available,C,implemented-legacy65,Mouth configuration (tall vs wide). Tracks opening-vs-spreading balance; near-collinear with vertical opening (within-rep range: movement amplitude/level).,Kinematic Feature Validation.xlsx,Main/Summary; mapped by feature family,legacy_65_aspect_ratio
aspect_prc_5_iqr,kinematic,Lip aperture geometry,Lip aspect ratio (vert/horz) — P5 inter-rep IQR,dimensionless,requested summary of mouth_opening/lip_width,aspect = (,repeated oral-motor task; whole-file fallback flagged,"movement-window robust percentiles: p05, median, p95, p95-p05; median and IQR across windows","0, 17, 13, 14, 61, 291",intercanthal-normalized coordinate layer; default GUI scale uses 133/362 with 33/263 fallback; legacy feature-map ratios also use 243/463 when available,C,implemented-legacy65,Mouth configuration (tall vs wide). Tracks opening-vs-spreading balance; near-collinear with vertical opening (P5 inter-rep IQR: inter-trial consistency).,Kinematic Feature Validation.xlsx,Main/Summary; mapped by feature family,legacy_65_aspect_ratio
aspect_med_iqr,kinematic,Lip aperture geometry,Lip aspect ratio (vert/horz) — median inter-rep IQR,dimensionless,requested summary of mouth_opening/lip_width,aspect = (,repeated oral-motor task; whole-file fallback flagged,"movement-window robust percentiles: p05, median, p95, p95-p05; median and IQR across windows","0, 17, 13, 14, 61, 291",intercanthal-normalized coordinate layer; default GUI scale uses 133/362 with 33/263 fallback; legacy feature-map ratios also use 243/463 when available,C,implemented-legacy65,Mouth configuration (tall vs wide). Tracks opening-vs-spreading balance; near-collinear with vertical opening (median inter-rep IQR: inter-trial consistency).,Kinematic Feature Validation.xlsx,Main/Summary; mapped by feature family,legacy_65_aspect_ratio
aspect_prc_95_iqr,kinematic,Lip aperture geometry,Lip aspect ratio (vert/horz) — P95 inter-rep IQR,dimensionless,requested summary of mouth_opening/lip_width,aspect = (,repeated oral-motor task; whole-file fallback flagged,"movement-window robust percentiles: p05, median, p95, p95-p05; median and IQR across windows","0, 17, 13, 14, 61, 291",intercanthal-normalized coordinate layer; default GUI scale uses 133/362 with 33/263 fallback; legacy feature-map ratios also use 243/463 when available,C,implemented-legacy65,Mouth configuration (tall vs wide). Tracks opening-vs-spreading balance; near-collinear with vertical opening (P95 inter-rep IQR: inter-trial consistency).,Kinematic Feature Validation.xlsx,Main/Summary; mapped by feature family,legacy_65_aspect_ratio
aspect_prc_5_95_iqr,kinematic,Lip aperture geometry,Lip aspect ratio (vert/horz) — range inter-rep IQR,dimensionless,requested summary of mouth_opening/lip_width,aspect = (,repeated oral-motor task; whole-file fallback flagged,"movement-window robust percentiles: p05, median, p95, p95-p05; median and IQR across windows","0, 17, 13, 14, 61, 291",intercanthal-normalized coordinate layer; default GUI scale uses 133/362 with 33/263 fallback; legacy feature-map ratios also use 243/463 when available,C,implemented-legacy65,Mouth configuration (tall vs wide). Tracks opening-vs-spreading balance; near-collinear with vertical opening (range inter-rep IQR: inter-trial consistency).,Kinematic Feature Validation.xlsx,Main/Summary; mapped by feature family,legacy_65_aspect_ratio
jaw_lat_prc_5,kinematic,Jaw lateralization,Jaw lateral deviation (L/R) — 5th-pct level,ratio (~1 centred),requested summary of lower-face left/right reference distance ratio,jaw_lat = (,repeated oral-motor task; whole-file fallback flagged,"movement-window robust percentiles: p05, median, p95, p95-p05; median and IQR across windows","17, 14, 243, 463, 133, 362, 33, 263",intercanthal-normalized coordinate layer; default GUI scale uses 133/362 with 33/263 fallback; legacy feature-map ratios also use 243/463 when available,C,implemented-legacy65,Lateral jaw deviation from midline. Deviation from 1.0 (either direction) flags asymmetric jaw movement / unilateral weakness (5th-pct level: movement amplitude/level).,Kinematic Feature Validation.xlsx,Main/Summary; mapped by feature family,legacy_65_jaw_lateralization_ratio
jaw_lat_med,kinematic,Jaw lateralization,Jaw lateral deviation (L/R) — median level,ratio (~1 centred),requested summary of lower-face left/right reference distance ratio,jaw_lat = (,repeated oral-motor task; whole-file fallback flagged,"movement-window robust percentiles: p05, median, p95, p95-p05; median and IQR across windows","17, 14, 243, 463, 133, 362, 33, 263",intercanthal-normalized coordinate layer; default GUI scale uses 133/362 with 33/263 fallback; legacy feature-map ratios also use 243/463 when available,C,implemented-legacy65,Lateral jaw deviation from midline. Deviation from 1.0 (either direction) flags asymmetric jaw movement / unilateral weakness (median level: movement amplitude/level).,Kinematic Feature Validation.xlsx,Main/Summary; mapped by feature family,legacy_65_jaw_lateralization_ratio
jaw_lat_prc_95,kinematic,Jaw lateralization,Jaw lateral deviation (L/R) — 95th-pct level,ratio (~1 centred),requested summary of lower-face left/right reference distance ratio,jaw_lat = (,repeated oral-motor task; whole-file fallback flagged,"movement-window robust percentiles: p05, median, p95, p95-p05; median and IQR across windows","17, 14, 243, 463, 133, 362, 33, 263",intercanthal-normalized coordinate layer; default GUI scale uses 133/362 with 33/263 fallback; legacy feature-map ratios also use 243/463 when available,C,implemented-legacy65,Lateral jaw deviation from midline. Deviation from 1.0 (either direction) flags asymmetric jaw movement / unilateral weakness (95th-pct level: movement amplitude/level).,Kinematic Feature Validation.xlsx,Main/Summary; mapped by feature family,legacy_65_jaw_lateralization_ratio
jaw_lat_prc_5_95,kinematic,Jaw lateralization,Jaw lateral deviation (L/R) — within-rep range,ratio (~1 centred),requested summary of lower-face left/right reference distance ratio,jaw_lat = (,repeated oral-motor task; whole-file fallback flagged,"movement-window robust percentiles: p05, median, p95, p95-p05; median and IQR across windows","17, 14, 243, 463, 133, 362, 33, 263",intercanthal-normalized coordinate layer; default GUI scale uses 133/362 with 33/263 fallback; legacy feature-map ratios also use 243/463 when available,C,implemented-legacy65,Lateral jaw deviation from midline. Deviation from 1.0 (either direction) flags asymmetric jaw movement / unilateral weakness (within-rep range: movement amplitude/level).,Kinematic Feature Validation.xlsx,Main/Summary; mapped by feature family,legacy_65_jaw_lateralization_ratio
jaw_lat_prc_5_iqr,kinematic,Jaw lateralization,Jaw lateral deviation (L/R) — P5 inter-rep IQR,ratio (~1 centred),requested summary of lower-face left/right reference distance ratio,jaw_lat = (,repeated oral-motor task; whole-file fallback flagged,"movement-window robust percentiles: p05, median, p95, p95-p05; median and IQR across windows","17, 14, 243, 463, 133, 362, 33, 263",intercanthal-normalized coordinate layer; default GUI scale uses 133/362 with 33/263 fallback; legacy feature-map ratios also use 243/463 when available,C,implemented-legacy65,Lateral jaw deviation from midline. Deviation from 1.0 (either direction) flags asymmetric jaw movement / unilateral weakness (P5 inter-rep IQR: inter-trial consistency).,Kinematic Feature Validation.xlsx,Main/Summary; mapped by feature family,legacy_65_jaw_lateralization_ratio
jaw_lat_med_iqr,kinematic,Jaw lateralization,Jaw lateral deviation (L/R) — median inter-rep IQR,ratio (~1 centred),requested summary of lower-face left/right reference distance ratio,jaw_lat = (,repeated oral-motor task; whole-file fallback flagged,"movement-window robust percentiles: p05, median, p95, p95-p05; median and IQR across windows","17, 14, 243, 463, 133, 362, 33, 263",intercanthal-normalized coordinate layer; default GUI scale uses 133/362 with 33/263 fallback; legacy feature-map ratios also use 243/463 when available,C,implemented-legacy65,Lateral jaw deviation from midline. Deviation from 1.0 (either direction) flags asymmetric jaw movement / unilateral weakness (median inter-rep IQR: inter-trial consistency).,Kinematic Feature Validation.xlsx,Main/Summary; mapped by feature family,legacy_65_jaw_lateralization_ratio
jaw_lat_prc_95_iqr,kinematic,Jaw lateralization,Jaw lateral deviation (L/R) — P95 inter-rep IQR,ratio (~1 centred),requested summary of lower-face left/right reference distance ratio,jaw_lat = (,repeated oral-motor task; whole-file fallback flagged,"movement-window robust percentiles: p05, median, p95, p95-p05; median and IQR across windows","17, 14, 243, 463, 133, 362, 33, 263",intercanthal-normalized coordinate layer; default GUI scale uses 133/362 with 33/263 fallback; legacy feature-map ratios also use 243/463 when available,C,implemented-legacy65,Lateral jaw deviation from midline. Deviation from 1.0 (either direction) flags asymmetric jaw movement / unilateral weakness (P95 inter-rep IQR: inter-trial consistency).,Kinematic Feature Validation.xlsx,Main/Summary; mapped by feature family,legacy_65_jaw_lateralization_ratio
jaw_lat_prc_5_95_iqr,kinematic,Jaw lateralization,Jaw lateral deviation (L/R) — range inter-rep IQR,ratio (~1 centred),requested summary of lower-face left/right reference distance ratio,jaw_lat = (,repeated oral-motor task; whole-file fallback flagged,"movement-window robust percentiles: p05, median, p95, p95-p05; median and IQR across windows","17, 14, 243, 463, 133, 362, 33, 263",intercanthal-normalized coordinate layer; default GUI scale uses 133/362 with 33/263 fallback; legacy feature-map ratios also use 243/463 when available,C,implemented-legacy65,Lateral jaw deviation from midline. Deviation from 1.0 (either direction) flags asymmetric jaw movement / unilateral weakness (range inter-rep IQR: inter-trial consistency).,Kinematic Feature Validation.xlsx,Main/Summary; mapped by feature family,legacy_65_jaw_lateralization_ratio
lip_symm_ratio_prc_5,kinematic,Lip symmetry,Lip motion symmetry (L/R) — 5th-pct level,ratio (~1 symmetric),requested summary of left/right commissure-to-midline distance ratio,lip_symm_ratio = (,repeated oral-motor task; whole-file fallback flagged,"movement-window robust percentiles: p05, median, p95, p95-p05; median and IQR across windows","61, 291, 8",intercanthal-normalized coordinate layer; default GUI scale uses 133/362 with 33/263 fallback; legacy feature-map ratios also use 243/463 when available,C,implemented-legacy65,Left-right lip-movement symmetry. Departure from 1.0 indicates asymmetric oral-commissure excursion (lower-facial weakness) (5th-pct level: movement amplitude/level).,Kinematic Feature Validation.xlsx,Main/Summary; mapped by feature family,legacy_65_lip_symmetry_ratio
lip_symm_ratio_med,kinematic,Lip symmetry,Lip motion symmetry (L/R) — median level,ratio (~1 symmetric),requested summary of left/right commissure-to-midline distance ratio,lip_symm_ratio = (,repeated oral-motor task; whole-file fallback flagged,"movement-window robust percentiles: p05, median, p95, p95-p05; median and IQR across windows","61, 291, 8",intercanthal-normalized coordinate layer; default GUI scale uses 133/362 with 33/263 fallback; legacy feature-map ratios also use 243/463 when available,C,implemented-legacy65,Left-right lip-movement symmetry. Departure from 1.0 indicates asymmetric oral-commissure excursion (lower-facial weakness) (median level: movement amplitude/level).,Kinematic Feature Validation.xlsx,Main/Summary; mapped by feature family,legacy_65_lip_symmetry_ratio
lip_symm_ratio_prc_95,kinematic,Lip symmetry,Lip motion symmetry (L/R) — 95th-pct level,ratio (~1 symmetric),requested summary of left/right commissure-to-midline distance ratio,lip_symm_ratio = (,repeated oral-motor task; whole-file fallback flagged,"movement-window robust percentiles: p05, median, p95, p95-p05; median and IQR across windows","61, 291, 8",intercanthal-normalized coordinate layer; default GUI scale uses 133/362 with 33/263 fallback; legacy feature-map ratios also use 243/463 when available,C,implemented-legacy65,Left-right lip-movement symmetry. Departure from 1.0 indicates asymmetric oral-commissure excursion (lower-facial weakness) (95th-pct level: movement amplitude/level).,Kinematic Feature Validation.xlsx,Main/Summary; mapped by feature family,legacy_65_lip_symmetry_ratio
lip_symm_ratio_prc_5_95,kinematic,Lip symmetry,Lip motion symmetry (L/R) — within-rep range,ratio (~1 symmetric),requested summary of left/right commissure-to-midline distance ratio,lip_symm_ratio = (,repeated oral-motor task; whole-file fallback flagged,"movement-window robust percentiles: p05, median, p95, p95-p05; median and IQR across windows","61, 291, 8",intercanthal-normalized coordinate layer; default GUI scale uses 133/362 with 33/263 fallback; legacy feature-map ratios also use 243/463 when available,C,implemented-legacy65,Left-right lip-movement symmetry. Departure from 1.0 indicates asymmetric oral-commissure excursion (lower-facial weakness) (within-rep range: movement amplitude/level).,Kinematic Feature Validation.xlsx,Main/Summary; mapped by feature family,legacy_65_lip_symmetry_ratio
lip_symm_ratio_prc_5_iqr,kinematic,Lip symmetry,Lip motion symmetry (L/R) — P5 inter-rep IQR,ratio (~1 symmetric),requested summary of left/right commissure-to-midline distance ratio,lip_symm_ratio = (,repeated oral-motor task; whole-file fallback flagged,"movement-window robust percentiles: p05, median, p95, p95-p05; median and IQR across windows","61, 291, 8",intercanthal-normalized coordinate layer; default GUI scale uses 133/362 with 33/263 fallback; legacy feature-map ratios also use 243/463 when available,C,implemented-legacy65,Left-right lip-movement symmetry. Departure from 1.0 indicates asymmetric oral-commissure excursion (lower-facial weakness) (P5 inter-rep IQR: inter-trial consistency).,Kinematic Feature Validation.xlsx,Main/Summary; mapped by feature family,legacy_65_lip_symmetry_ratio
lip_symm_ratio_med_iqr,kinematic,Lip symmetry,Lip motion symmetry (L/R) — median inter-rep IQR,ratio (~1 symmetric),requested summary of left/right commissure-to-midline distance ratio,lip_symm_ratio = (,repeated oral-motor task; whole-file fallback flagged,"movement-window robust percentiles: p05, median, p95, p95-p05; median and IQR across windows","61, 291, 8",intercanthal-normalized coordinate layer; default GUI scale uses 133/362 with 33/263 fallback; legacy feature-map ratios also use 243/463 when available,C,implemented-legacy65,Left-right lip-movement symmetry. Departure from 1.0 indicates asymmetric oral-commissure excursion (lower-facial weakness) (median inter-rep IQR: inter-trial consistency).,Kinematic Feature Validation.xlsx,Main/Summary; mapped by feature family,legacy_65_lip_symmetry_ratio
lip_symm_ratio_prc_95_iqr,kinematic,Lip symmetry,Lip motion symmetry (L/R) — P95 inter-rep IQR,ratio (~1 symmetric),requested summary of left/right commissure-to-midline distance ratio,lip_symm_ratio = (,repeated oral-motor task; whole-file fallback flagged,"movement-window robust percentiles: p05, median, p95, p95-p05; median and IQR across windows","61, 291, 8",intercanthal-normalized coordinate layer; default GUI scale uses 133/362 with 33/263 fallback; legacy feature-map ratios also use 243/463 when available,C,implemented-legacy65,Left-right lip-movement symmetry. Departure from 1.0 indicates asymmetric oral-commissure excursion (lower-facial weakness) (P95 inter-rep IQR: inter-trial consistency).,Kinematic Feature Validation.xlsx,Main/Summary; mapped by feature family,legacy_65_lip_symmetry_ratio
lip_symm_ratio_prc_5_95_iqr,kinematic,Lip symmetry,Lip motion symmetry (L/R) — range inter-rep IQR,ratio (~1 symmetric),requested summary of left/right commissure-to-midline distance ratio,lip_symm_ratio = (,repeated oral-motor task; whole-file fallback flagged,"movement-window robust percentiles: p05, median, p95, p95-p05; median and IQR across windows","61, 291, 8",intercanthal-normalized coordinate layer; default GUI scale uses 133/362 with 33/263 fallback; legacy feature-map ratios also use 243/463 when available,C,implemented-legacy65,Left-right lip-movement symmetry. Departure from 1.0 indicates asymmetric oral-commissure excursion (lower-facial weakness) (range inter-rep IQR: inter-trial consistency).,Kinematic Feature Validation.xlsx,Main/Summary; mapped by feature family,legacy_65_lip_symmetry_ratio
lat_xcorr,kinematic,Bilateral coordination,Bilateral commissure coordination,"corr (~[-1,1])","max_lag normalized cross-correlation(left_commissure,right_commissure)",Max normalized cross-correlation of left vs right commissure trajectories (single scalar over the whole signal).,repeated oral-motor task; whole-file fallback flagged,"movement-window robust percentiles: p05, median, p95, p95-p05; median and IQR across windows","61, 291, 8",intercanthal-normalized coordinate layer; default GUI scale uses 133/362 with 33/263 fallback; legacy feature-map ratios also use 243/463 when available,C,implemented-legacy65,Coordination/synchrony of the two mouth corners. LOWER = less coordinated bilateral movement (dyscoordination/asymmetric timing).,Kinematic Feature Validation.xlsx,Main/Summary; mapped by feature family,legacy_65_bilateral_commissure_xcorr
lip_eccentricity_mean,kinematic,combined_mouth,Mean mouth-ellipse eccentricity,unitless,"mean(sqrt(1-(min(O,W)/max(O,W))^2))",O is mouth opening and W is commissure width,speech or non-speech oral movement,mean within recording-task,"UL, LL, RC, LC: 0,17,61,291",ratio; scale invariant,B,implemented-workbook-validated,0 is circular; approaches 1 as either axis dominates,Kinematic Feature Validation.xlsx,Main: Lip eccentricity,validated_workbook_geometry
lip_eccentricity_range,kinematic,combined_mouth,Range of mouth-ellipse eccentricity,unitless,max(e)-min(e),Range within the recording-task,speech or non-speech oral movement,max-min,"0,17,61,291",ratio; scale invariant,B,implemented-workbook-validated,Change in lip roundedness,Kinematic Feature Validation.xlsx,Main: Lip eccentricity,validated_workbook_geometry
mouth_area_right_mean,kinematic,area_symmetry,Mean right half-mouth triangular area,ICD^2,"mean(0.5*abs(cross(UL-RC,LL-RC)))",2D normalized-coordinate triangle,speech or non-speech oral movement,mean,"RC,UL,LL: 61,0,17",intercanthal-normalized squared units,B,implemented-workbook-validated,Right labial fissure area,Kinematic Feature Validation.xlsx,Main: Area of mouth (right),validated_workbook_geometry
mouth_area_left_mean,kinematic,area_symmetry,Mean left half-mouth triangular area,ICD^2,"mean(0.5*abs(cross(UL-LC,LL-LC)))",2D normalized-coordinate triangle,speech or non-speech oral movement,mean,"LC,UL,LL: 291,0,17",intercanthal-normalized squared units,B,implemented-workbook-validated,Left labial fissure area,Kinematic Feature Validation.xlsx,Main: Area of mouth (left),validated_workbook_geometry
mouth_area_total_mean,kinematic,area_symmetry,Mean total mouth area,ICD^2,mean(right_area+left_area),Sum of non-overlapping half-mouth triangles,speech or non-speech oral movement,mean,"0,17,61,291",intercanthal-normalized squared units,B,implemented-workbook-operational-definition,Total labial fissure area,Kinematic Feature Validation.xlsx,Main: Area of mouth (total),validated_workbook_geometry
mouth_area_abs_asymmetry_mean,kinematic,area_symmetry,Mean absolute left-right mouth area difference,ICD^2,mean(abs(right_area-left_area)),Bandini 2018b Aabsdiff definition,speech or non-speech oral movement,mean,"0,17,61,291",intercanthal-normalized squared units,B,implemented-workbook-validated,Higher values indicate greater area asymmetry,Kinematic Feature Validation.xlsx,Main: Mouth area symmetry,validated_workbook_geometry
lower_lip_lateralization_range,kinematic,area_symmetry,Robust horizontal lower-lip excursion around mouth midpoint,ICD,P95(x_LL-(x_LC+x_RC)/2)-P05(...) ,Signed frame signal summarized as robust range,open/close oral-motor tasks,P95-P05,"LL,LC,RC: 17,291,61",intercanthal-normalized coordinate,B,implemented-workbook-validated,Magnitude of lateral lower-lip excursion,Kinematic Feature Validation.xlsx,Main: Lateralization (when open & closing),validated_workbook_geometry
